inei_ccpp;inei_distrito;departamento;provincia;distrito;ccpp
101010001;10101;AMAZONAS;CHACHAPOYAS;CHACHAPOYAS;CHACHAPOYAS
101020001;10102;AMAZONAS;CHACHAPOYAS;ASUNCION;ASUNCION
101030001;10103;AMAZONAS;CHACHAPOYAS;BALSAS;BALSAS
101040001;10104;AMAZONAS;CHACHAPOYAS;CHETO;CHETO
101050001;10105;AMAZONAS;CHACHAPOYAS;CHILIQUIN;CHILIQUIN
101060001;10106;AMAZONAS;CHACHAPOYAS;CHUQUIBAMBA;CHUQUIBAMBA
101070001;10107;AMAZONAS;CHACHAPOYAS;GRANADA;GRANADA
101080001;10108;AMAZONAS;CHACHAPOYAS;HUANCAS;HUANCAS
101090001;10109;AMAZONAS;CHACHAPOYAS;LA JALCA;LA JALCA
101100001;10110;AMAZONAS;CHACHAPOYAS;LEIMEBAMBA;LEIMEBAMBA
101110001;10111;AMAZONAS;CHACHAPOYAS;LEVANTO;LEVANTO
101120001;10112;AMAZONAS;CHACHAPOYAS;MAGDALENA;MAGDALENA
101130001;10113;AMAZONAS;CHACHAPOYAS;MARISCAL CASTILLA;DURAZNOPAMPA
101140001;10114;AMAZONAS;CHACHAPOYAS;MOLINOPAMPA;MOLINOPAMPA
101150001;10115;AMAZONAS;CHACHAPOYAS;MONTEVIDEO;MONTEVIDEO
101160001;10116;AMAZONAS;CHACHAPOYAS;OLLEROS;OLLEROS
101170001;10117;AMAZONAS;CHACHAPOYAS;QUINJALCA;QUINJALCA
101180001;10118;AMAZONAS;CHACHAPOYAS;SAN FRANCISCO DE DAGUAS;DAGUAS
101190001;10119;AMAZONAS;CHACHAPOYAS;SAN ISIDRO DE MAINO;MAINO
101200001;10120;AMAZONAS;CHACHAPOYAS;SOLOCO;SOLOCO
101210001;10121;AMAZONAS;CHACHAPOYAS;SONCHE;SAN JUAN DE SONCHE
102010001;10201;AMAZONAS;BAGUA;BAGUA;BAGUA
102020001;10202;AMAZONAS;BAGUA;ARAMANGO;ARAMANGO
102030001;10203;AMAZONAS;BAGUA;COPALLIN;COPALLIN
102040001;10204;AMAZONAS;BAGUA;EL PARCO;EL PARCO
102050001;10205;AMAZONAS;BAGUA;IMAZA;CHIRIACO
102060001;10206;AMAZONAS;BAGUA;LA PECA;LA PECA
103010001;10301;AMAZONAS;BONGARA;JUMBILLA;JUMBILLA
103020001;10302;AMAZONAS;BONGARA;CHISQUILLA;CHISQUILLA
103030001;10303;AMAZONAS;BONGARA;CHURUJA;CHURUJA
103040001;10304;AMAZONAS;BONGARA;COROSHA;COROSHA
103050001;10305;AMAZONAS;BONGARA;CUISPES;CUISPES
103060001;10306;AMAZONAS;BONGARA;FLORIDA;FLORIDA (POMACOCHAS)
103070001;10307;AMAZONAS;BONGARA;JAZAN;PEDRO RUIZ GALLO
103080001;10308;AMAZONAS;BONGARA;RECTA;RECTA
103090001;10309;AMAZONAS;BONGARA;SAN CARLOS;SAN CARLOS
103100001;10310;AMAZONAS;BONGARA;SHIPASBAMBA;SHIPASBAMBA
103110001;10311;AMAZONAS;BONGARA;VALERA;VALERA (SAN PABLO)
103120001;10312;AMAZONAS;BONGARA;YAMBRASBAMBA;YAMBRASBAMBA
104010001;10401;AMAZONAS;CONDORCANQUI;NIEVA;SANTA MARIA DE NIEVA
104020001;10402;AMAZONAS;CONDORCANQUI;EL CENEPA;HUAMPAMI
104030001;10403;AMAZONAS;CONDORCANQUI;RIO SANTIAGO;PUERTO GALILEA
105010001;10501;AMAZONAS;LUYA;LAMUD;LAMUD
105020001;10502;AMAZONAS;LUYA;CAMPORREDONDO;CAMPORREDONDO
105030001;10503;AMAZONAS;LUYA;COCABAMBA;COCABAMBA
105040001;10504;AMAZONAS;LUYA;COLCAMAR;COLCAMAR
105050001;10505;AMAZONAS;LUYA;CONILA;COHECHAN
105060001;10506;AMAZONAS;LUYA;INGUILPATA;INGUILPATA
105070001;10507;AMAZONAS;LUYA;LONGUITA;LONGUITA
105080001;10508;AMAZONAS;LUYA;LONYA CHICO;LONYA CHICO
105090001;10509;AMAZONAS;LUYA;LUYA;LUYA
105100001;10510;AMAZONAS;LUYA;LUYA VIEJO;LUYA VIEJO
105110001;10511;AMAZONAS;LUYA;MARIA;MARIA
105120001;10512;AMAZONAS;LUYA;OCALLI;OCALLI
105130001;10513;AMAZONAS;LUYA;OCUMAL;COLLONCE
105140001;10514;AMAZONAS;LUYA;PISUQUIA;YOMBLON
105150001;10515;AMAZONAS;LUYA;PROVIDENCIA;PROVIDENCIA
105160001;10516;AMAZONAS;LUYA;SAN CRISTOBAL;OLTO
105170001;10517;AMAZONAS;LUYA;SAN FRANCISCO DEL YESO;SAN FRANCISCO DEL YESO
105180001;10518;AMAZONAS;LUYA;SAN JERONIMO;PACLAS
105190001;10519;AMAZONAS;LUYA;SAN JUAN DE LOPECANCHA;SAN JUAN DE LOPECANCHA
105200001;10520;AMAZONAS;LUYA;SANTA CATALINA;SANTA CATALINA
105210001;10521;AMAZONAS;LUYA;SANTO TOMAS;SANTO TOMAS
105220001;10522;AMAZONAS;LUYA;TINGO;TINGO
105230001;10523;AMAZONAS;LUYA;TRITA;TRITA
106010001;10601;AMAZONAS;RODRIGUEZ DE MENDOZA;SAN NICOLAS;MENDOZA
106020001;10602;AMAZONAS;RODRIGUEZ DE MENDOZA;CHIRIMOTO;CHIRIMOTO
106030001;10603;AMAZONAS;RODRIGUEZ DE MENDOZA;COCHAMAL;COCHAMAL
106040001;10604;AMAZONAS;RODRIGUEZ DE MENDOZA;HUAMBO;HUAMBO
106050001;10605;AMAZONAS;RODRIGUEZ DE MENDOZA;LIMABAMBA;LIMABAMBA
106060001;10606;AMAZONAS;RODRIGUEZ DE MENDOZA;LONGAR;LONGAR
106070001;10607;AMAZONAS;RODRIGUEZ DE MENDOZA;MARISCAL BENAVIDES;MARISCAL BENAVIDES
106080001;10608;AMAZONAS;RODRIGUEZ DE MENDOZA;MILPUC;MILPUC
106090001;10609;AMAZONAS;RODRIGUEZ DE MENDOZA;OMIA;OMIA
106100001;10610;AMAZONAS;RODRIGUEZ DE MENDOZA;SANTA ROSA;SANTA ROSA DE HUAYABAMBA
106110001;10611;AMAZONAS;RODRIGUEZ DE MENDOZA;TOTORA;TOTORA
106120001;10612;AMAZONAS;RODRIGUEZ DE MENDOZA;VISTA ALEGRE;VISTA ALEGRE
107010001;10701;AMAZONAS;UTCUBAMBA;BAGUA GRANDE;BAGUA GRANDE
107020001;10702;AMAZONAS;UTCUBAMBA;CAJARURO;CAJARURO
107030001;10703;AMAZONAS;UTCUBAMBA;CUMBA;CUMBA
107040001;10704;AMAZONAS;UTCUBAMBA;EL MILAGRO;EL MILAGRO
107050001;10705;AMAZONAS;UTCUBAMBA;JAMALCA;JAMALCA
107060001;10706;AMAZONAS;UTCUBAMBA;LONYA GRANDE;LONYA GRANDE
107070001;10707;AMAZONAS;UTCUBAMBA;YAMON;YAMON
201010001;20101;ANCASH;HUARAZ;HUARAZ;HUARAZ
201020001;20102;ANCASH;HUARAZ;COCHABAMBA;COCHABAMBA
201030001;20103;ANCASH;HUARAZ;COLCABAMBA;COLCABAMBA
201040001;20104;ANCASH;HUARAZ;HUANCHAY;HUANCHAY
201050001;20105;ANCASH;HUARAZ;INDEPENDENCIA;CENTENARIO
201060001;20106;ANCASH;HUARAZ;JANGAS;JANGAS
201070001;20107;ANCASH;HUARAZ;LA LIBERTAD;CAJAMARQUILLA
201090001;20109;ANCASH;HUARAZ;PAMPAS GRANDE;PAMPAS GRANDE
201100001;20110;ANCASH;HUARAZ;PARIACOTO;PARIACOTO
201110001;20111;ANCASH;HUARAZ;PIRA;PIRA
201120001;20112;ANCASH;HUARAZ;TARICA;TARICA
202010001;20201;ANCASH;AIJA;AIJA;AIJA
202020001;20202;ANCASH;AIJA;CORIS;CORIS
202030001;20203;ANCASH;AIJA;HUACLLAN;HUACLLAN
202040001;20204;ANCASH;AIJA;LA MERCED;LA MERCED
202050001;20205;ANCASH;AIJA;SUCCHA;SUCCHA
203010001;20301;ANCASH;ANTONIO RAYMONDI;LLAMELLIN;LLAMELLIN
203020001;20302;ANCASH;ANTONIO RAYMONDI;ACZO;ACZO
203030001;20303;ANCASH;ANTONIO RAYMONDI;CHACCHO;CHACCHO
203040001;20304;ANCASH;ANTONIO RAYMONDI;CHINGAS;CHINGAS
203050001;20305;ANCASH;ANTONIO RAYMONDI;MIRGAS;MIRGAS
203060001;20306;ANCASH;ANTONIO RAYMONDI;SAN JUAN DE RONTOY;SAN JUAN DE RONTOY
204010001;20401;ANCASH;ASUNCION;CHACAS;CHACAS
204020001;20402;ANCASH;ASUNCION;ACOCHACA;ACOCHACA
205010001;20501;ANCASH;BOLOGNESI;CHIQUIAN;CHIQUIAN
205020001;20502;ANCASH;BOLOGNESI;ABELARDO PARDO LEZAMETA;LLACLLA
205030001;20503;ANCASH;BOLOGNESI;ANTONIO RAYMONDI;RAQUIA
205040001;20504;ANCASH;BOLOGNESI;AQUIA;AQUIA
205050001;20505;ANCASH;BOLOGNESI;CAJACAY;CAJACAY
205060001;20506;ANCASH;BOLOGNESI;CANIS;CANIS
205070001;20507;ANCASH;BOLOGNESI;COLQUIOC;CHASQUITAMBO
205080001;20508;ANCASH;BOLOGNESI;HUALLANCA;HUALLANCA
205090001;20509;ANCASH;BOLOGNESI;HUASTA;HUASTA
205100001;20510;ANCASH;BOLOGNESI;HUAYLLACAYAN;HUAYLLACAYAN
205110001;20511;ANCASH;BOLOGNESI;LA PRIMAVERA;GORGORILLO
205120001;20512;ANCASH;BOLOGNESI;MANGAS;MANGAS
205130001;20513;ANCASH;BOLOGNESI;PACLLON;PACLLON
205140001;20514;ANCASH;BOLOGNESI;SAN MIGUEL DE CORPANQUI;CORPANQUI
205150001;20515;ANCASH;BOLOGNESI;TICLLOS;TICLLOS
206010001;20601;ANCASH;CARHUAZ;CARHUAZ;CARHUAZ
206020001;20602;ANCASH;CARHUAZ;ACOPAMPA;ACOPAMPA
206030001;20603;ANCASH;CARHUAZ;AMASHCA;AMASHCA
206040001;20604;ANCASH;CARHUAZ;ANTA;ANTA
206050001;20605;ANCASH;CARHUAZ;ATAQUERO;CARHUAC
206060001;20606;ANCASH;CARHUAZ;MARCARA;MARCARA
206070001;20607;ANCASH;CARHUAZ;PARIAHUANCA;PARIAHUANCA
206080001;20608;ANCASH;CARHUAZ;SAN MIGUEL DE ACO;ACO
206090001;20609;ANCASH;CARHUAZ;SHILLA;SHILLA
206100001;20610;ANCASH;CARHUAZ;TINCO;TINCO
206110001;20611;ANCASH;CARHUAZ;YUNGAR;YUNGAR
207010001;20701;ANCASH;CARLOS FERMIN FITZCARRALD;SAN LUIS;SAN LUIS
207030001;20703;ANCASH;CARLOS FERMIN FITZCARRALD;YAUYA;YAUYA
208010001;20801;ANCASH;CASMA;CASMA;CASMA
208020001;20802;ANCASH;CASMA;BUENA VISTA ALTA;BUENA VISTA ALTA
208030001;20803;ANCASH;CASMA;COMANDANTE NOEL;PUERTO CASMA
208040001;20804;ANCASH;CASMA;YAUTAN;YAUTAN
209010001;20901;ANCASH;CORONGO;CORONGO;CORONGO
209020001;20902;ANCASH;CORONGO;ACO;ACO
209030001;20903;ANCASH;CORONGO;BAMBAS;BAMBAS
209040001;20904;ANCASH;CORONGO;CUSCA;CUSCA
209050001;20905;ANCASH;CORONGO;LA PAMPA;LA PAMPA
209060001;20906;ANCASH;CORONGO;YANAC;YANAC
209070001;20907;ANCASH;CORONGO;YUPAN;YUPAN
210010001;21001;ANCASH;HUARI;HUARI;HUARI
210020001;21002;ANCASH;HUARI;ANRA;ANRA
210030001;21003;ANCASH;HUARI;CAJAY;CAJAY
210040001;21004;ANCASH;HUARI;CHAVIN DE HUANTAR;CHAVIN DE HUANTAR
210050001;21005;ANCASH;HUARI;HUACACHI;HUACACHI
210060001;21006;ANCASH;HUARI;HUACCHIS;HUACCHIS
210070001;21007;ANCASH;HUARI;HUACHIS;HUACHIS
210080001;21008;ANCASH;HUARI;HUANTAR;HUANTAR
210090001;21009;ANCASH;HUARI;MASIN;MASIN
210100001;21010;ANCASH;HUARI;PAUCAS;PAUCAS
210110001;21011;ANCASH;HUARI;PONTO;PONTO
210120001;21012;ANCASH;HUARI;RAHUAPAMPA;RAHUAPAMPA
210130001;21013;ANCASH;HUARI;RAPAYAN;RAPAYAN
210140001;21014;ANCASH;HUARI;SAN MARCOS;SAN MARCOS
210150001;21015;ANCASH;HUARI;SAN PEDRO DE CHANA;CHANA
210160001;21016;ANCASH;HUARI;UCO;UCO
211010001;21101;ANCASH;HUARMEY;HUARMEY;HUARMEY
211020001;21102;ANCASH;HUARMEY;COCHAPETI;COCHAPETI
211030001;21103;ANCASH;HUARMEY;CULEBRAS;LA CALETA CULEBRAS
211040001;21104;ANCASH;HUARMEY;HUAYAN;HUAYAN
211050001;21105;ANCASH;HUARMEY;MALVAS;MALVAS
212010001;21201;ANCASH;HUAYLAS;CARAZ;CARAZ
212030001;21203;ANCASH;HUAYLAS;HUATA;HUATA
212040001;21204;ANCASH;HUAYLAS;HUAYLAS;HUAYLAS
212050001;21205;ANCASH;HUAYLAS;MATO;SUCRE
212060001;21206;ANCASH;HUAYLAS;PAMPAROMAS;PAMPAROMAS
212070001;21207;ANCASH;HUAYLAS;PUEBLO LIBRE;SAN JUAN
212080001;21208;ANCASH;HUAYLAS;SANTA CRUZ;HUARIPAMPA
212090001;21209;ANCASH;HUAYLAS;SANTO TORIBIO;SANTO TORIBIO
212100001;21210;ANCASH;HUAYLAS;YURACMARCA;YURACMARCA
213010001;21301;ANCASH;MARISCAL LUZURIAGA;PISCOBAMBA;PISCOBAMBA
213020001;21302;ANCASH;MARISCAL LUZURIAGA;CASCA;CASCA
213030001;21303;ANCASH;MARISCAL LUZURIAGA;ELEAZAR GUZMAN BARRON;PAMPACHACRA
213040001;21304;ANCASH;MARISCAL LUZURIAGA;FIDEL OLIVAS ESCUDERO;SANACHGAN
213050001;21305;ANCASH;MARISCAL LUZURIAGA;LLAMA;LLAMA
213060001;21306;ANCASH;MARISCAL LUZURIAGA;LLUMPA;LLUMPA
213070001;21307;ANCASH;MARISCAL LUZURIAGA;LUCMA;LUCMA
213080001;21308;ANCASH;MARISCAL LUZURIAGA;MUSGA;MUSGA
214010001;21401;ANCASH;OCROS;OCROS;OCROS
214020001;21402;ANCASH;OCROS;ACAS;ACAS
214030001;21403;ANCASH;OCROS;CAJAMARQUILLA;CAJAMARQUILLA
214040001;21404;ANCASH;OCROS;CARHUAPAMPA;ACO
214050001;21405;ANCASH;OCROS;COCHAS;HUANCHAY
214060001;21406;ANCASH;OCROS;CONGAS;CONGAS
214070001;21407;ANCASH;OCROS;LLIPA;LLIPA
214080001;21408;ANCASH;OCROS;SAN CRISTOBAL DE RAJAN;RAJAN
214090001;21409;ANCASH;OCROS;SAN PEDRO;COPA
214100001;21410;ANCASH;OCROS;SANTIAGO DE CHILCAS;SANTIAGO DE CHILCAS
215010001;21501;ANCASH;PALLASCA;CABANA;CABANA
215020001;21502;ANCASH;PALLASCA;BOLOGNESI;BOLOGNESI
215030001;21503;ANCASH;PALLASCA;CONCHUCOS;CONCHUCOS
215040001;21504;ANCASH;PALLASCA;HUACASCHUQUE;HUACASCHUQUE
215050001;21505;ANCASH;PALLASCA;HUANDOVAL;HUANDOVAL
215060001;21506;ANCASH;PALLASCA;LACABAMBA;LACABAMBA
215070001;21507;ANCASH;PALLASCA;LLAPO;LLAPO
215080001;21508;ANCASH;PALLASCA;PALLASCA;PALLASCA
215090001;21509;ANCASH;PALLASCA;PAMPAS;PAMPAS
215110001;21511;ANCASH;PALLASCA;TAUCA;TAUCA
216010001;21601;ANCASH;POMABAMBA;POMABAMBA;POMABAMBA
216020001;21602;ANCASH;POMABAMBA;HUAYLLAN;HUAYLLAN
216030001;21603;ANCASH;POMABAMBA;PAROBAMBA;PAROBAMBA
216040001;21604;ANCASH;POMABAMBA;QUINUABAMBA;QUINUABAMBA
217010001;21701;ANCASH;RECUAY;RECUAY;RECUAY
217020001;21702;ANCASH;RECUAY;CATAC;CATAC
217030001;21703;ANCASH;RECUAY;COTAPARACO;COTAPARACO
217040001;21704;ANCASH;RECUAY;HUAYLLAPAMPA;HUAYLLAPAMPA
217050001;21705;ANCASH;RECUAY;LLACLLIN;LLACLLIN
217060001;21706;ANCASH;RECUAY;MARCA;MARCA
217070001;21707;ANCASH;RECUAY;PAMPAS CHICO;PAMPAS CHICO
217080001;21708;ANCASH;RECUAY;PARARIN;PARARIN
217090001;21709;ANCASH;RECUAY;TAPACOCHA;TAPACOCHA
217100001;21710;ANCASH;RECUAY;TICAPAMPA;TICAPAMPA
218010001;21801;ANCASH;SANTA;CHIMBOTE;CHIMBOTE
218020001;21802;ANCASH;SANTA;CACERES DEL PERU;JIMBE
218030001;21803;ANCASH;SANTA;COISHCO;COISHCO
218040001;21804;ANCASH;SANTA;MACATE;MACATE
218050001;21805;ANCASH;SANTA;MORO;MORO
218060001;21806;ANCASH;SANTA;NEPEÑA;NEPEÑA
218070001;21807;ANCASH;SANTA;SAMANCO;SAMANCO
218080001;21808;ANCASH;SANTA;SANTA;SANTA
218090001;21809;ANCASH;SANTA;NUEVO CHIMBOTE;BUENOS AIRES
219010001;21901;ANCASH;SIHUAS;SIHUAS;SIHUAS
219020001;21902;ANCASH;SIHUAS;ACOBAMBA;ACOBAMBA
219030001;21903;ANCASH;SIHUAS;ALFONSO UGARTE;ULLULLUCO
219040001;21904;ANCASH;SIHUAS;CASHAPAMPA;CASHAPAMPA
219050001;21905;ANCASH;SIHUAS;CHINGALPO;CHINGALPO
219060001;21906;ANCASH;SIHUAS;HUAYLLABAMBA;HUAYLLABAMBA
219070001;21907;ANCASH;SIHUAS;QUICHES;QUICHES
219080001;21908;ANCASH;SIHUAS;RAGASH;RAGASH
219090001;21909;ANCASH;SIHUAS;SAN JUAN;CHULLIN
219100001;21910;ANCASH;SIHUAS;SICSIBAMBA;UMBE
220010001;22001;ANCASH;YUNGAY;YUNGAY;YUNGAY
220020001;22002;ANCASH;YUNGAY;CASCAPARA;CASCAPARA
220030001;22003;ANCASH;YUNGAY;MANCOS;MANCOS
220040001;22004;ANCASH;YUNGAY;MATACOTO;MATACOTO
220050001;22005;ANCASH;YUNGAY;QUILLO;QUILLO
220060001;22006;ANCASH;YUNGAY;RANRAHIRCA;RANRAHIRCA
220070001;22007;ANCASH;YUNGAY;SHUPLUY;SHUPLUY
220080001;22008;ANCASH;YUNGAY;YANAMA;YANAMA
301010001;30101;APURIMAC;ABANCAY;ABANCAY;ABANCAY
301020001;30102;APURIMAC;ABANCAY;CHACOCHE;CHACOCHE
301030001;30103;APURIMAC;ABANCAY;CIRCA;CIRCA
301040001;30104;APURIMAC;ABANCAY;CURAHUASI;CURAHUASI
301050001;30105;APURIMAC;ABANCAY;HUANIPACA;HUANIPACA
301060001;30106;APURIMAC;ABANCAY;LAMBRAMA;LAMBRAMA
301070001;30107;APURIMAC;ABANCAY;PICHIRHUA;PICHIRHUA
301080001;30108;APURIMAC;ABANCAY;SAN PEDRO DE CACHORA;CACHORA
301090001;30109;APURIMAC;ABANCAY;TAMBURCO;TAMBURCO
302010001;30201;APURIMAC;ANDAHUAYLAS;ANDAHUAYLAS;ANDAHUAYLAS
302020001;30202;APURIMAC;ANDAHUAYLAS;ANDARAPA;ANDARAPA
302030001;30203;APURIMAC;ANDAHUAYLAS;CHIARA;CHIARA
302040001;30204;APURIMAC;ANDAHUAYLAS;HUANCARAMA;HUANCARAMA
302050001;30205;APURIMAC;ANDAHUAYLAS;HUANCARAY;HUANCARAY
302060001;30206;APURIMAC;ANDAHUAYLAS;HUAYANA;HUAYANA
302070001;30207;APURIMAC;ANDAHUAYLAS;KISHUARA;KISHUARA
302080001;30208;APURIMAC;ANDAHUAYLAS;PACOBAMBA;PACOBAMBA
302090001;30209;APURIMAC;ANDAHUAYLAS;PACUCHA;PACUCHA
302100001;30210;APURIMAC;ANDAHUAYLAS;PAMPACHIRI;PAMPACHIRI
302110001;30211;APURIMAC;ANDAHUAYLAS;POMACOCHA;POMACOCHA
302120001;30212;APURIMAC;ANDAHUAYLAS;SAN ANTONIO DE CACHI;SAN ANTONIO DE CACHI
302140001;30214;APURIMAC;ANDAHUAYLAS;SAN MIGUEL DE CHACCRAMPA;CHACCRAMPA
302150001;30215;APURIMAC;ANDAHUAYLAS;SANTA MARIA DE CHICMO;SANTA MARIA DE CHICMO
302160001;30216;APURIMAC;ANDAHUAYLAS;TALAVERA;TALAVERA
302170001;30217;APURIMAC;ANDAHUAYLAS;TUMAY HUARACA;UMAMARCA
302180001;30218;APURIMAC;ANDAHUAYLAS;TURPO;TURPO
302190001;30219;APURIMAC;ANDAHUAYLAS;KAQUIABAMBA;KAQUIABAMBA
302200001;30220;APURIMAC;ANDAHUAYLAS;JOSE MARIA ARGUEDAS;HUANCABAMBA
303010001;30301;APURIMAC;ANTABAMBA;ANTABAMBA;ANTABAMBA
303020001;30302;APURIMAC;ANTABAMBA;EL ORO;AYAHUAY
303030001;30303;APURIMAC;ANTABAMBA;HUAQUIRCA;HUAQUIRCA
303040001;30304;APURIMAC;ANTABAMBA;JUAN ESPINOZA MEDRANO;MOLLEBAMBA
303050001;30305;APURIMAC;ANTABAMBA;OROPESA;OROPESA
303060001;30306;APURIMAC;ANTABAMBA;PACHACONAS;PACHACONAS
303070001;30307;APURIMAC;ANTABAMBA;SABAINO;SABAINO
304010001;30401;APURIMAC;AYMARAES;CHALHUANCA;CHALHUANCA
304020001;30402;APURIMAC;AYMARAES;CAPAYA;CAPAYA
304030001;30403;APURIMAC;AYMARAES;CARAYBAMBA;CARAYBAMBA
304040001;30404;APURIMAC;AYMARAES;CHAPIMARCA;CHAPIMARCA
304060001;30406;APURIMAC;AYMARAES;COTARUSE;COTARUSE
304070001;30407;APURIMAC;AYMARAES;HUAYLLO;IHUAYLLO
304080001;30408;APURIMAC;AYMARAES;JUSTO APU SAHUARAURA;PICHIHUA
304090001;30409;APURIMAC;AYMARAES;LUCRE;LUCRE
304100001;30410;APURIMAC;AYMARAES;POCOHUANCA;POCOHUANCA
304110001;30411;APURIMAC;AYMARAES;SAN JUAN DE CHACÑA;SAN JUAN DE CHACÑA
304120001;30412;APURIMAC;AYMARAES;SAÑAYCA;SAÑAYCA
304130001;30413;APURIMAC;AYMARAES;SORAYA;SORAYA
304140001;30414;APURIMAC;AYMARAES;TAPAIRIHUA;TAPAIRIHUA
304150001;30415;APURIMAC;AYMARAES;TINTAY;TINTAY
304160001;30416;APURIMAC;AYMARAES;TORAYA;TORAYA
304170001;30417;APURIMAC;AYMARAES;YANACA;YANACA
305010001;30501;APURIMAC;COTABAMBAS;TAMBOBAMBA;TAMBOBAMBA
305020001;30502;APURIMAC;COTABAMBAS;COTABAMBAS;COTABAMBAS
305030001;30503;APURIMAC;COTABAMBAS;COYLLURQUI;COYLLURQUI
305040001;30504;APURIMAC;COTABAMBAS;HAQUIRA;HAQUIRA
305050001;30505;APURIMAC;COTABAMBAS;MARA;MARA
305060001;30506;APURIMAC;COTABAMBAS;CHALLHUAHUACHO;CHALLHUAHUACHO
306010001;30601;APURIMAC;CHINCHEROS;CHINCHEROS;CHINCHEROS
306020001;30602;APURIMAC;CHINCHEROS;ANCO_HUALLO;URIPA
306030001;30603;APURIMAC;CHINCHEROS;COCHARCAS;COCHARCAS
306040001;30604;APURIMAC;CHINCHEROS;HUACCANA;HUACCANA
306050001;30605;APURIMAC;CHINCHEROS;OCOBAMBA;OCOBAMBA
306060001;30606;APURIMAC;CHINCHEROS;ONGOY;ONGOY
306070001;30607;APURIMAC;CHINCHEROS;URANMARCA;URANMARCA
306080001;30608;APURIMAC;CHINCHEROS;RANRACANCHA;RANRACANCHA
306090001;30609;APURIMAC;CHINCHEROS;ROCCHACC;ROCCHACC
306100001;30610;APURIMAC;CHINCHEROS;EL PORVENIR;SAN PEDRO HUAMBURQUE
306110001;30611;APURIMAC;CHINCHEROS;LOS CHANKAS;RIO BLANCO
307010001;30701;APURIMAC;GRAU;CHUQUIBAMBILLA;CHUQUIBAMBILLA
307020001;30702;APURIMAC;GRAU;CURPAHUASI;CURPAHUASI
307030001;30703;APURIMAC;GRAU;GAMARRA;PALPACACHI
307040001;30704;APURIMAC;GRAU;HUAYLLATI;HUAYLLATI
307050001;30705;APURIMAC;GRAU;MAMARA;MAMARA
307060001;30706;APURIMAC;GRAU;MICAELA BASTIDAS;AYRIHUANCA
307070001;30707;APURIMAC;GRAU;PATAYPAMPA;PATAYPAMPA
307080001;30708;APURIMAC;GRAU;PROGRESO;PROGRESO
307090001;30709;APURIMAC;GRAU;SAN ANTONIO;SAN ANTONIO
307110001;30711;APURIMAC;GRAU;TURPAY;TURPAY
307120001;30712;APURIMAC;GRAU;VILCABAMBA;VILCABAMBA
307130001;30713;APURIMAC;GRAU;VIRUNDO;SAN JUAN DE VIRUNDO
307140001;30714;APURIMAC;GRAU;CURASCO;CURASCO
401010001;40101;AREQUIPA;AREQUIPA;AREQUIPA;AREQUIPA
401020001;40102;AREQUIPA;AREQUIPA;ALTO SELVA ALEGRE;SELVA ALEGRE
401030001;40103;AREQUIPA;AREQUIPA;CAYMA;CAYMA
401040001;40104;AREQUIPA;AREQUIPA;CERRO COLORADO;LA LIBERTAD
401050001;40105;AREQUIPA;AREQUIPA;CHARACATO;CHARACATO
401060001;40106;AREQUIPA;AREQUIPA;CHIGUATA;CHIGUATA
401070001;40107;AREQUIPA;AREQUIPA;JACOBO HUNTER;JACOBO HUNTER
401080001;40108;AREQUIPA;AREQUIPA;LA JOYA;LA JOYA
401090001;40109;AREQUIPA;AREQUIPA;MARIANO MELGAR;MARIANO MELGAR
401100001;40110;AREQUIPA;AREQUIPA;MIRAFLORES;MIRAFLORES
401110001;40111;AREQUIPA;AREQUIPA;MOLLEBAYA;MOLLEBAYA
401120001;40112;AREQUIPA;AREQUIPA;PAUCARPATA;PAUCARPATA
401130001;40113;AREQUIPA;AREQUIPA;POCSI;POCSI
401140001;40114;AREQUIPA;AREQUIPA;POLOBAYA;POLOBAYA GRANDE
401150001;40115;AREQUIPA;AREQUIPA;QUEQUEÑA;QUEQUEÑA
401160001;40116;AREQUIPA;AREQUIPA;SABANDIA;SABANDIA
401170001;40117;AREQUIPA;AREQUIPA;SACHACA;SACHACA
401180001;40118;AREQUIPA;AREQUIPA;SAN JUAN DE SIGUAS;TAMBILLO
401190001;40119;AREQUIPA;AREQUIPA;SAN JUAN DE TARUCANI;TARUCANI
401200001;40120;AREQUIPA;AREQUIPA;SANTA ISABEL DE SIGUAS;SANTA ISABEL DE SIGUAS
401210001;40121;AREQUIPA;AREQUIPA;SANTA RITA DE SIGUAS;SANTA RITA DE SIGUAS
401220001;40122;AREQUIPA;AREQUIPA;SOCABAYA;SOCABAYA
401230001;40123;AREQUIPA;AREQUIPA;TIABAYA;TIABAYA
401240001;40124;AREQUIPA;AREQUIPA;UCHUMAYO;UCHUMAYO
401250001;40125;AREQUIPA;AREQUIPA;VITOR;VITOR
401260001;40126;AREQUIPA;AREQUIPA;YANAHUARA;YANAHUARA
401270001;40127;AREQUIPA;AREQUIPA;YARABAMBA;YARABAMBA
401280001;40128;AREQUIPA;AREQUIPA;YURA;YURA
401290001;40129;AREQUIPA;AREQUIPA;JOSE LUIS BUSTAMANTE Y RIVERO;CIUDAD SATELITE
402010001;40201;AREQUIPA;CAMANA;CAMANA;CAMANA
402020001;40202;AREQUIPA;CAMANA;JOSE MARIA QUIMPER;EL CARDO
402030001;40203;AREQUIPA;CAMANA;MARIANO NICOLAS VALCARCEL;URASQUI
402040001;40204;AREQUIPA;CAMANA;MARISCAL CACERES;SAN JOSE
402050001;40205;AREQUIPA;CAMANA;NICOLAS DE PIEROLA;SAN GREGORIO
402060001;40206;AREQUIPA;CAMANA;OCOÑA;OCOÑA
402070001;40207;AREQUIPA;CAMANA;QUILCA;QUILCA
402080001;40208;AREQUIPA;CAMANA;SAMUEL PASTOR;LA PAMPA
403010001;40301;AREQUIPA;CARAVELI;CARAVELI;CARAVELI
403020001;40302;AREQUIPA;CARAVELI;ACARI;ACARI
403030001;40303;AREQUIPA;CARAVELI;ATICO;ATICO
403040001;40304;AREQUIPA;CARAVELI;ATIQUIPA;ATIQUIPA
403050001;40305;AREQUIPA;CARAVELI;BELLA UNION;BELLA UNION
403060001;40306;AREQUIPA;CARAVELI;CAHUACHO;CAHUACHO
403070001;40307;AREQUIPA;CARAVELI;CHALA;CHALA
403080001;40308;AREQUIPA;CARAVELI;CHAPARRA;ACHANIZO
403090001;40309;AREQUIPA;CARAVELI;HUANUHUANU;TOCOTA
403100001;40310;AREQUIPA;CARAVELI;JAQUI;JAQUI
403110001;40311;AREQUIPA;CARAVELI;LOMAS;LOMAS
403120001;40312;AREQUIPA;CARAVELI;QUICACHA;QUICACHA
403130001;40313;AREQUIPA;CARAVELI;YAUCA;YAUCA
404010001;40401;AREQUIPA;CASTILLA;APLAO;APLAO
404020001;40402;AREQUIPA;CASTILLA;ANDAGUA;ANDAGUA
404030001;40403;AREQUIPA;CASTILLA;AYO;AYO
404040001;40404;AREQUIPA;CASTILLA;CHACHAS;CHACHAS
404050001;40405;AREQUIPA;CASTILLA;CHILCAYMARCA;CHILCAYMARCA
404060001;40406;AREQUIPA;CASTILLA;CHOCO;CHOCO
404070001;40407;AREQUIPA;CASTILLA;HUANCARQUI;HUANCARQUI
404080001;40408;AREQUIPA;CASTILLA;MACHAGUAY;MACHAGUAY
404090001;40409;AREQUIPA;CASTILLA;ORCOPAMPA;ORCOPAMPA
404100001;40410;AREQUIPA;CASTILLA;PAMPACOLCA;PAMPACOLCA
404110001;40411;AREQUIPA;CASTILLA;TIPAN;TIPAN
404120001;40412;AREQUIPA;CASTILLA;UÑON;UÑON
404130001;40413;AREQUIPA;CASTILLA;URACA;CORIRE
404140001;40414;AREQUIPA;CASTILLA;VIRACO;VIRACO
405010001;40501;AREQUIPA;CAYLLOMA;CHIVAY;CHIVAY
405020001;40502;AREQUIPA;CAYLLOMA;ACHOMA;ACHOMA
405030001;40503;AREQUIPA;CAYLLOMA;CABANACONDE;CABANACONDE
405040001;40504;AREQUIPA;CAYLLOMA;CALLALLI;CALLALLI
405050001;40505;AREQUIPA;CAYLLOMA;CAYLLOMA;CAYLLOMA
405060001;40506;AREQUIPA;CAYLLOMA;COPORAQUE;COPORAQUE
405080001;40508;AREQUIPA;CAYLLOMA;HUANCA;HUANCA
405090001;40509;AREQUIPA;CAYLLOMA;ICHUPAMPA;ICHUPAMPA
405100001;40510;AREQUIPA;CAYLLOMA;LARI;LARI
405110001;40511;AREQUIPA;CAYLLOMA;LLUTA;LLUTA
405120001;40512;AREQUIPA;CAYLLOMA;MACA;MACA
405130001;40513;AREQUIPA;CAYLLOMA;MADRIGAL;MADRIGAL
405140001;40514;AREQUIPA;CAYLLOMA;SAN ANTONIO DE CHUCA;IMATA
405150001;40515;AREQUIPA;CAYLLOMA;SIBAYO;SIBAYO
405160001;40516;AREQUIPA;CAYLLOMA;TAPAY;TAPAY
405170001;40517;AREQUIPA;CAYLLOMA;TISCO;TISCO
405180001;40518;AREQUIPA;CAYLLOMA;TUTI;TUTI
405190001;40519;AREQUIPA;CAYLLOMA;YANQUE;YANQUE
405200001;40520;AREQUIPA;CAYLLOMA;MAJES;EL PEDREGAL
406020001;40602;AREQUIPA;CONDESUYOS;ANDARAY;ANDARAY
406030001;40603;AREQUIPA;CONDESUYOS;CAYARANI;CAYARANI
406040001;40604;AREQUIPA;CONDESUYOS;CHICHAS;CHICHAS
406050001;40605;AREQUIPA;CONDESUYOS;IRAY;IRAY
406060001;40606;AREQUIPA;CONDESUYOS;RIO GRANDE;IQUIPI
406070001;40607;AREQUIPA;CONDESUYOS;SALAMANCA;SALAMANCA
406080001;40608;AREQUIPA;CONDESUYOS;YANAQUIHUA;YANAQUIHUA
407010001;40701;AREQUIPA;ISLAY;MOLLENDO;MOLLENDO
407020001;40702;AREQUIPA;ISLAY;COCACHACRA;COCACHACRA
407030001;40703;AREQUIPA;ISLAY;DEAN VALDIVIA;LA CURVA
407040001;40704;AREQUIPA;ISLAY;ISLAY;ISLAY (MATARANI)
407050001;40705;AREQUIPA;ISLAY;MEJIA;MEJIA
407060001;40706;AREQUIPA;ISLAY;PUNTA DE BOMBON;PUNTA DE BOMBON
408010001;40801;AREQUIPA;LA UNION;COTAHUASI;COTAHUASI
408020001;40802;AREQUIPA;LA UNION;ALCA;ALCA
408030001;40803;AREQUIPA;LA UNION;CHARCANA;CHARCANA
408040001;40804;AREQUIPA;LA UNION;HUAYNACOTAS;TAURISMA
408050001;40805;AREQUIPA;LA UNION;PAMPAMARCA;MUNGUI
408060001;40806;AREQUIPA;LA UNION;PUYCA;PUYCA
408070001;40807;AREQUIPA;LA UNION;QUECHUALLA;VELINGA
408080001;40808;AREQUIPA;LA UNION;SAYLA;SAYLA
408090001;40809;AREQUIPA;LA UNION;TAURIA;TAURIA
408100001;40810;AREQUIPA;LA UNION;TOMEPAMPA;TOMEPAMPA
408110001;40811;AREQUIPA;LA UNION;TORO;TORO
501010001;50101;AYACUCHO;HUAMANGA;AYACUCHO;AYACUCHO
501020001;50102;AYACUCHO;HUAMANGA;ACOCRO;ACOCRO
501030001;50103;AYACUCHO;HUAMANGA;ACOS VINCHOS;ACOS VINCHOS
501040001;50104;AYACUCHO;HUAMANGA;CARMEN ALTO;CARMEN ALTO
501070001;50107;AYACUCHO;HUAMANGA;PACAYCASA;PACAYCASA
501080001;50108;AYACUCHO;HUAMANGA;QUINUA;QUINUA
501090001;50109;AYACUCHO;HUAMANGA;SAN JOSE DE TICLLAS;TICLLAS
501100001;50110;AYACUCHO;HUAMANGA;SAN JUAN BAUTISTA;SAN JUAN BAUTISTA
501110001;50111;AYACUCHO;HUAMANGA;SANTIAGO DE PISCHA;SAN PEDRO DE CACHI
501120001;50112;AYACUCHO;HUAMANGA;SOCOS;SOCOS
501130001;50113;AYACUCHO;HUAMANGA;TAMBILLO;TAMBILLO
501140001;50114;AYACUCHO;HUAMANGA;VINCHOS;VINCHOS
501150001;50115;AYACUCHO;HUAMANGA;JESUS NAZARENO;LAS NAZARENAS
501160001;50116;AYACUCHO;HUAMANGA;ANDRES AVELINO CACERES DORREGARAY;JARDÍN
502010001;50201;AYACUCHO;CANGALLO;CANGALLO;CANGALLO
502020001;50202;AYACUCHO;CANGALLO;CHUSCHI;CHUSCHI
502030001;50203;AYACUCHO;CANGALLO;LOS MOROCHUCOS;PAMPA CANGALLO
502040001;50204;AYACUCHO;CANGALLO;MARIA PARADO DE BELLIDO;POMABAMBA
502050001;50205;AYACUCHO;CANGALLO;PARAS;PARAS
502060001;50206;AYACUCHO;CANGALLO;TOTOS;TOTOS
503010001;50301;AYACUCHO;HUANCA SANCOS;SANCOS;HUANCA SANCOS
503020001;50302;AYACUCHO;HUANCA SANCOS;CARAPO;CARAPO
503030001;50303;AYACUCHO;HUANCA SANCOS;SACSAMARCA;SACSAMARCA
503040001;50304;AYACUCHO;HUANCA SANCOS;SANTIAGO DE LUCANAMARCA;SANTIAGO DE LUCANAMARCA
504010001;50401;AYACUCHO;HUANTA;HUANTA;HUANTA
504020001;50402;AYACUCHO;HUANTA;AYAHUANCO;VIRACOCHAN
504030001;50403;AYACUCHO;HUANTA;HUAMANGUILLA;HUAMANGUILLA
504040001;50404;AYACUCHO;HUANTA;IGUAIN;MACACHACRA
504050001;50405;AYACUCHO;HUANTA;LURICOCHA;LURICOCHA
504060001;50406;AYACUCHO;HUANTA;SANTILLANA;SAN JOSE DE SECCE
504070001;50407;AYACUCHO;HUANTA;SIVIA;SIVIA
504080001;50408;AYACUCHO;HUANTA;LLOCHEGUA;LLOCHEGUA
504090001;50409;AYACUCHO;HUANTA;CANAYRE;CANAYRE
504100001;50410;AYACUCHO;HUANTA;UCHURACCAY;HUAYNACANCHA
504110001;50411;AYACUCHO;HUANTA;PUCACOLPA;HUALLHUA
504120001;50412;AYACUCHO;HUANTA;CHACA;CHACA
505010001;50501;AYACUCHO;LA MAR;SAN MIGUEL;SAN MIGUEL
505020001;50502;AYACUCHO;LA MAR;ANCO;CHIQUINTIRCA
505030001;50503;AYACUCHO;LA MAR;AYNA;SAN FRANCISCO
505040001;50504;AYACUCHO;LA MAR;CHILCAS;CHILCAS
505050001;50505;AYACUCHO;LA MAR;CHUNGUI;CHUNGUI
505060001;50506;AYACUCHO;LA MAR;LUIS CARRANZA;PAMPAS
505080001;50508;AYACUCHO;LA MAR;TAMBO;TAMBO
505090001;50509;AYACUCHO;LA MAR;SAMUGARI;PALMAPAMPA
505100001;50510;AYACUCHO;LA MAR;ANCHIHUAY;ANCHIHUAY
505110001;50511;AYACUCHO;LA MAR;ORONCCOY;ORONCCOY
506010001;50601;AYACUCHO;LUCANAS;PUQUIO;PUQUIO
506020001;50602;AYACUCHO;LUCANAS;AUCARA;AUCARA
506040001;50604;AYACUCHO;LUCANAS;CARMEN SALCEDO;ANDAMARCA
506050001;50605;AYACUCHO;LUCANAS;CHAVIÑA;CHAVIÑA
506060001;50606;AYACUCHO;LUCANAS;CHIPAO;CHIPAO
506070001;50607;AYACUCHO;LUCANAS;HUAC-HUAS;HUAC-HUAS
506080001;50608;AYACUCHO;LUCANAS;LARAMATE;LARAMATE
506090001;50609;AYACUCHO;LUCANAS;LEONCIO PRADO;TAMBO QUEMADO
506100001;50610;AYACUCHO;LUCANAS;LLAUTA;LLAUTA
506110001;50611;AYACUCHO;LUCANAS;LUCANAS;LUCANAS
506120001;50612;AYACUCHO;LUCANAS;OCAÑA;OCAÑA
506130001;50613;AYACUCHO;LUCANAS;OTOCA;OTOCA
506140001;50614;AYACUCHO;LUCANAS;SAISA;SAISA
506180001;50618;AYACUCHO;LUCANAS;SAN PEDRO DE PALCO;SAN PEDRO DE PALCO
506200001;50620;AYACUCHO;LUCANAS;SANTA ANA DE HUAYCAHUACHO;SANTA ANA DE HUAYCAHUACHO
506210001;50621;AYACUCHO;LUCANAS;SANTA LUCIA;SANTA LUCIA
507010001;50701;AYACUCHO;PARINACOCHAS;CORACORA;CORACORA
507020001;50702;AYACUCHO;PARINACOCHAS;CHUMPI;CHUMPI
507030001;50703;AYACUCHO;PARINACOCHAS;CORONEL CASTAÑEDA;ANISO
507040001;50704;AYACUCHO;PARINACOCHAS;PACAPAUSA;PACAPAUSA
507050001;50705;AYACUCHO;PARINACOCHAS;PULLO;PULLO
507060001;50706;AYACUCHO;PARINACOCHAS;PUYUSCA;INCUYO
507070001;50707;AYACUCHO;PARINACOCHAS;SAN FRANCISCO DE RAVACAYCO;SAN FRANCISCO DE RAVACAYCO
507080001;50708;AYACUCHO;PARINACOCHAS;UPAHUACHO;UPAHUACHO
508010001;50801;AYACUCHO;PAUCAR DEL SARA SARA;PAUSA;PAUSA
508020001;50802;AYACUCHO;PAUCAR DEL SARA SARA;COLTA;COLTA
508030001;50803;AYACUCHO;PAUCAR DEL SARA SARA;CORCULLA;CORCULLA
508040001;50804;AYACUCHO;PAUCAR DEL SARA SARA;LAMPA;LAMPA
508050001;50805;AYACUCHO;PAUCAR DEL SARA SARA;MARCABAMBA;MARCABAMBA
508060001;50806;AYACUCHO;PAUCAR DEL SARA SARA;OYOLO;OYOLO
508070001;50807;AYACUCHO;PAUCAR DEL SARA SARA;PARARCA;PARARCA
508080001;50808;AYACUCHO;PAUCAR DEL SARA SARA;SAN JAVIER DE ALPABAMBA;SAN JAVIER DE ALPABAMBA
508090001;50809;AYACUCHO;PAUCAR DEL SARA SARA;SAN JOSE DE USHUA;SAN JOSE DE USHUA
508100001;50810;AYACUCHO;PAUCAR DEL SARA SARA;SARA SARA;QUILCATA
509010001;50901;AYACUCHO;SUCRE;QUEROBAMBA;QUEROBAMBA
509020001;50902;AYACUCHO;SUCRE;BELEN;BELEN
509030001;50903;AYACUCHO;SUCRE;CHALCOS;CHALCOS
509040001;50904;AYACUCHO;SUCRE;CHILCAYOC;CHILCAYOC
509050001;50905;AYACUCHO;SUCRE;HUACAÑA;HUACAÑA
509060001;50906;AYACUCHO;SUCRE;MORCOLLA;MORCOLLA
509070001;50907;AYACUCHO;SUCRE;PAICO;PAICO
509080001;50908;AYACUCHO;SUCRE;SAN PEDRO DE LARCAY;SAN PEDRO DE LARCAY
509090001;50909;AYACUCHO;SUCRE;SAN SALVADOR DE QUIJE;SAN SALVADOR DE QUIJE
509100001;50910;AYACUCHO;SUCRE;SANTIAGO DE PAUCARAY;SANTIAGO DE PAUCARAY
509110001;50911;AYACUCHO;SUCRE;SORAS;SORAS
510010001;51001;AYACUCHO;VICTOR FAJARDO;HUANCAPI;HUANCAPI
510020001;51002;AYACUCHO;VICTOR FAJARDO;ALCAMENCA;ALCAMENCA
510030001;51003;AYACUCHO;VICTOR FAJARDO;APONGO;APONGO
510040001;51004;AYACUCHO;VICTOR FAJARDO;ASQUIPATA;ASQUIPATA
510050001;51005;AYACUCHO;VICTOR FAJARDO;CANARIA;CANARIA
510060001;51006;AYACUCHO;VICTOR FAJARDO;CAYARA;CAYARA
510070001;51007;AYACUCHO;VICTOR FAJARDO;COLCA;COLCA
510080001;51008;AYACUCHO;VICTOR FAJARDO;HUAMANQUIQUIA;HUAMANQUIQUIA
510090001;51009;AYACUCHO;VICTOR FAJARDO;HUANCARAYLLA;HUANCARAYLLA
510100001;51010;AYACUCHO;VICTOR FAJARDO;HUAYA;SAN PEDRO DE HUALLA
510110001;51011;AYACUCHO;VICTOR FAJARDO;SARHUA;SARHUA
510120001;51012;AYACUCHO;VICTOR FAJARDO;VILCANCHOS;VILCANCHOS
511010001;51101;AYACUCHO;VILCAS HUAMAN;VILCAS HUAMAN;VILCAS HUAMAN
511020001;51102;AYACUCHO;VILCAS HUAMAN;ACCOMARCA;ACCOMARCA
511030001;51103;AYACUCHO;VILCAS HUAMAN;CARHUANCA;CARHUANCA
511040001;51104;AYACUCHO;VILCAS HUAMAN;CONCEPCION;CONCEPCION
511050001;51105;AYACUCHO;VILCAS HUAMAN;HUAMBALPA;HUAMBALPA
511070001;51107;AYACUCHO;VILCAS HUAMAN;SAURAMA;SAURAMA
511080001;51108;AYACUCHO;VILCAS HUAMAN;VISCHONGO;VISCHONGO
601010001;60101;CAJAMARCA;CAJAMARCA;CAJAMARCA;CAJAMARCA
601030001;60103;CAJAMARCA;CAJAMARCA;CHETILLA;CHETILLA
601040001;60104;CAJAMARCA;CAJAMARCA;COSPAN;COSPAN
601050001;60105;CAJAMARCA;CAJAMARCA;ENCAÑADA;ENCAÑADA
601060001;60106;CAJAMARCA;CAJAMARCA;JESUS;JESUS
601070001;60107;CAJAMARCA;CAJAMARCA;LLACANORA;LLACANORA
601080001;60108;CAJAMARCA;CAJAMARCA;LOS BAÑOS DEL INCA;LOS BAÑOS DEL INCA
601100001;60110;CAJAMARCA;CAJAMARCA;MATARA;MATARA
601110001;60111;CAJAMARCA;CAJAMARCA;NAMORA;NAMORA
602010001;60201;CAJAMARCA;CAJABAMBA;CAJABAMBA;CAJABAMBA
602020001;60202;CAJAMARCA;CAJABAMBA;CACHACHI;CACHACHI
602030001;60203;CAJAMARCA;CAJABAMBA;CONDEBAMBA;CAUDAY
602040001;60204;CAJAMARCA;CAJABAMBA;SITACOCHA;LLUCHUBAMBA
603010001;60301;CAJAMARCA;CELENDIN;CELENDIN;CELENDIN
603020001;60302;CAJAMARCA;CELENDIN;CHUMUCH;CHUMUCH
603030001;60303;CAJAMARCA;CELENDIN;CORTEGANA;CHIMUCH (CORTEGANA)
603040001;60304;CAJAMARCA;CELENDIN;HUASMIN;HUASMIN
603050001;60305;CAJAMARCA;CELENDIN;JORGE CHAVEZ;LUCMAPAMPA
603060001;60306;CAJAMARCA;CELENDIN;JOSE GALVEZ;HUACAPAMPA
603070001;60307;CAJAMARCA;CELENDIN;MIGUEL IGLESIAS;CHALAN
603080001;60308;CAJAMARCA;CELENDIN;OXAMARCA;OXAMARCA
603090001;60309;CAJAMARCA;CELENDIN;SOROCHUCO;SOROCHUCO
603100001;60310;CAJAMARCA;CELENDIN;SUCRE;SUCRE
603110001;60311;CAJAMARCA;CELENDIN;UTCO;UTCO
603120001;60312;CAJAMARCA;CELENDIN;LA LIBERTAD DE PALLAN;LA LIBERTAD DE PALLAN
604010001;60401;CAJAMARCA;CHOTA;CHOTA;CHOTA
604020001;60402;CAJAMARCA;CHOTA;ANGUIA;ANGUIA
604030001;60403;CAJAMARCA;CHOTA;CHADIN;CHADIN
604040001;60404;CAJAMARCA;CHOTA;CHIGUIRIP;CHIGUIRIP
604050001;60405;CAJAMARCA;CHOTA;CHIMBAN;CHIMBAN
604060001;60406;CAJAMARCA;CHOTA;CHOROPAMPA;CHOROPAMPA
604080001;60408;CAJAMARCA;CHOTA;CONCHAN;CONCHAN
604090001;60409;CAJAMARCA;CHOTA;HUAMBOS;HUAMBOS
604100001;60410;CAJAMARCA;CHOTA;LAJAS;LAJAS
604120001;60412;CAJAMARCA;CHOTA;MIRACOSTA;MIRACOSTA
604130001;60413;CAJAMARCA;CHOTA;PACCHA;PACCHA
604140001;60414;CAJAMARCA;CHOTA;PION;PION
604150001;60415;CAJAMARCA;CHOTA;QUEROCOTO;QUEROCOTO
604160001;60416;CAJAMARCA;CHOTA;SAN JUAN DE LICUPIS;LICUPIS
604170001;60417;CAJAMARCA;CHOTA;TACABAMBA;TACABAMBA
604180001;60418;CAJAMARCA;CHOTA;TOCMOCHE;TOCMOCHE
604190001;60419;CAJAMARCA;CHOTA;CHALAMARCA;CHALAMARCA
605010001;60501;CAJAMARCA;CONTUMAZA;CONTUMAZA;CONTUMAZA
605020001;60502;CAJAMARCA;CONTUMAZA;CHILETE;CHILETE
605030001;60503;CAJAMARCA;CONTUMAZA;CUPISNIQUE;TRINIDAD
605040001;60504;CAJAMARCA;CONTUMAZA;GUZMANGO;GUZMANGO
605050001;60505;CAJAMARCA;CONTUMAZA;SAN BENITO;SAN BENITO
605060001;60506;CAJAMARCA;CONTUMAZA;SANTA CRUZ DE TOLED;SANTA CRUZ DE TOLED
605070001;60507;CAJAMARCA;CONTUMAZA;TANTARICA;CATAN
605080001;60508;CAJAMARCA;CONTUMAZA;YONAN;TEMBLADERA
606010001;60601;CAJAMARCA;CUTERVO;CUTERVO;CUTERVO
606020001;60602;CAJAMARCA;CUTERVO;CALLAYUC;CALLAYUC
606030001;60603;CAJAMARCA;CUTERVO;CHOROS;CHOROS
606040001;60604;CAJAMARCA;CUTERVO;CUJILLO;CUJILLO
606050001;60605;CAJAMARCA;CUTERVO;LA RAMADA;LA RAMADA
606060001;60606;CAJAMARCA;CUTERVO;PIMPINGOS;PIMPINGOS
606070001;60607;CAJAMARCA;CUTERVO;QUEROCOTILLO;QUEROCOTILLO
606080001;60608;CAJAMARCA;CUTERVO;SAN ANDRES DE CUTERVO;SAN ANDRES DE CUTERVO
606090001;60609;CAJAMARCA;CUTERVO;SAN JUAN DE CUTERVO;SAN JUAN DE CUTERVO
606100001;60610;CAJAMARCA;CUTERVO;SAN LUIS DE LUCMA;SAN LUIS DE LUCMA
606120001;60612;CAJAMARCA;CUTERVO;SANTO DOMINGO DE LA CAPILLA;SANTO DOMINGO DE LA CAPILLA
606140001;60614;CAJAMARCA;CUTERVO;SOCOTA;SOCOTA
606150001;60615;CAJAMARCA;CUTERVO;TORIBIO CASANOVA;LA SACILIA
607010001;60701;CAJAMARCA;HUALGAYOC;BAMBAMARCA;BAMBAMARCA
607020001;60702;CAJAMARCA;HUALGAYOC;CHUGUR;CHUGUR
607030001;60703;CAJAMARCA;HUALGAYOC;HUALGAYOC;HUALGAYOC
608010001;60801;CAJAMARCA;JAEN;JAEN;JAEN
608020001;60802;CAJAMARCA;JAEN;BELLAVISTA;BELLAVISTA
608030001;60803;CAJAMARCA;JAEN;CHONTALI;CHONTALI
608040001;60804;CAJAMARCA;JAEN;COLASAY;COLASAY
608050001;60805;CAJAMARCA;JAEN;HUABAL;HUABAL
608060001;60806;CAJAMARCA;JAEN;LAS PIRIAS;LAS PIRIAS
608070001;60807;CAJAMARCA;JAEN;POMAHUACA;POMAHUACA
608080001;60808;CAJAMARCA;JAEN;PUCARA;PUCARA
608090001;60809;CAJAMARCA;JAEN;SALLIQUE;SALLIQUE
608100001;60810;CAJAMARCA;JAEN;SAN FELIPE;SAN FELIPE
608110001;60811;CAJAMARCA;JAEN;SAN JOSE DEL ALTO;SAN JOSE DEL ALTO
609010001;60901;CAJAMARCA;SAN IGNACIO;SAN IGNACIO;SAN IGNACIO
609020001;60902;CAJAMARCA;SAN IGNACIO;CHIRINOS;CHIRINOS
609030001;60903;CAJAMARCA;SAN IGNACIO;HUARANGO;HUARANGO
609040001;60904;CAJAMARCA;SAN IGNACIO;LA COIPA;LA COIPA
609050001;60905;CAJAMARCA;SAN IGNACIO;NAMBALLE;NAMBALLE
609060001;60906;CAJAMARCA;SAN IGNACIO;SAN JOSE DE LOURDES;SAN JOSE DE LOURDES
609070001;60907;CAJAMARCA;SAN IGNACIO;TABACONAS;TABACONAS
610010001;61001;CAJAMARCA;SAN MARCOS;PEDRO GALVEZ;SAN MARCOS
610020001;61002;CAJAMARCA;SAN MARCOS;CHANCAY;CHANCAY
610030001;61003;CAJAMARCA;SAN MARCOS;EDUARDO VILLANUEVA;LA GRAMA
610040001;61004;CAJAMARCA;SAN MARCOS;GREGORIO PITA;PAUCAMARCA
610050001;61005;CAJAMARCA;SAN MARCOS;ICHOCAN;ICHOCAN
610060001;61006;CAJAMARCA;SAN MARCOS;JOSE MANUEL QUIROZ;SHIRAC
610070001;61007;CAJAMARCA;SAN MARCOS;JOSE SABOGAL;VENECIA
611020001;61102;CAJAMARCA;SAN MIGUEL;BOLIVAR;BOLIVAR
611030001;61103;CAJAMARCA;SAN MIGUEL;CALQUIS;CALQUIS
611040001;61104;CAJAMARCA;SAN MIGUEL;CATILLUC;CATILLUC
611050001;61105;CAJAMARCA;SAN MIGUEL;EL PRADO;EL PRADO
611060001;61106;CAJAMARCA;SAN MIGUEL;LA FLORIDA;LA FLORIDA
611070001;61107;CAJAMARCA;SAN MIGUEL;LLAPA;LLAPA
611080001;61108;CAJAMARCA;SAN MIGUEL;NANCHOC;NANCHOC
611090001;61109;CAJAMARCA;SAN MIGUEL;NIEPOS;NIEPOS
611100001;61110;CAJAMARCA;SAN MIGUEL;SAN GREGORIO;SAN GREGORIO
611110001;61111;CAJAMARCA;SAN MIGUEL;SAN SILVESTRE DE COCHAN;SAN SILVESTRE DE COCHAN
611120001;61112;CAJAMARCA;SAN MIGUEL;TONGOD;TONGOD
611130001;61113;CAJAMARCA;SAN MIGUEL;UNION AGUA BLANCA;AGUA BLANCA
612010001;61201;CAJAMARCA;SAN PABLO;SAN PABLO;SAN PABLO
612020001;61202;CAJAMARCA;SAN PABLO;SAN BERNARDINO;SAN BERNARDINO
612040001;61204;CAJAMARCA;SAN PABLO;TUMBADEN;TUMBADEN
613020001;61302;CAJAMARCA;SANTA CRUZ;ANDABAMBA;ANDABAMBA
613030001;61303;CAJAMARCA;SANTA CRUZ;CATACHE;CATACHE
613040001;61304;CAJAMARCA;SANTA CRUZ;CHANCAYBAÑOS;CHANCAYBAÑOS
613050001;61305;CAJAMARCA;SANTA CRUZ;LA ESPERANZA;LA ESPERANZA
613060001;61306;CAJAMARCA;SANTA CRUZ;NINABAMBA;NINABAMBA
613070001;61307;CAJAMARCA;SANTA CRUZ;PULAN;PULAN
613080001;61308;CAJAMARCA;SANTA CRUZ;SAUCEPAMPA;SAUCEPAMPA
613090001;61309;CAJAMARCA;SANTA CRUZ;SEXI;SEXI
613100001;61310;CAJAMARCA;SANTA CRUZ;UTICYACU;UTICYACU
613110001;61311;CAJAMARCA;SANTA CRUZ;YAUYUCAN;YAUYUCAN
701010001;70101;CALLAO;CALLAO;CALLAO;CALLAO
701030001;70103;CALLAO;CALLAO;CARMEN DE LA LEGUA REYNOSO;CARMEN DE LA LEGUA REYNOSO
701040001;70104;CALLAO;CALLAO;LA PERLA;LA PERLA
701050001;70105;CALLAO;CALLAO;LA PUNTA;LA PUNTA
701060001;70106;CALLAO;CALLAO;VENTANILLA;VENTANILLA
701070001;70107;CALLAO;CALLAO;MI PERU;MI PERU
801010001;80101;CUSCO;CUSCO;CUSCO;CUSCO
801020001;80102;CUSCO;CUSCO;CCORCA;CCORCA
801030001;80103;CUSCO;CUSCO;POROY;POROY
801050001;80105;CUSCO;CUSCO;SAN SEBASTIAN;SAN SEBASTIAN
801060001;80106;CUSCO;CUSCO;SANTIAGO;SANTIAGO
801070001;80107;CUSCO;CUSCO;SAYLLA;SAYLLA
801080001;80108;CUSCO;CUSCO;WANCHAQ;WANCHAQ
802010001;80201;CUSCO;ACOMAYO;ACOMAYO;ACOMAYO
802020001;80202;CUSCO;ACOMAYO;ACOPIA;ACOPIA
802030001;80203;CUSCO;ACOMAYO;ACOS;ACOS
802040001;80204;CUSCO;ACOMAYO;MOSOC LLACTA;MOSOC LLACTA
802050001;80205;CUSCO;ACOMAYO;POMACANCHI;POMACANCHI
802060001;80206;CUSCO;ACOMAYO;RONDOCAN;RONDOCAN
802070001;80207;CUSCO;ACOMAYO;SANGARARA;SANGARARA
803020001;80302;CUSCO;ANTA;ANCAHUASI;ANCAHUASI
803030001;80303;CUSCO;ANTA;CACHIMAYO;CACHIMAYO
803040001;80304;CUSCO;ANTA;CHINCHAYPUJIO;CHINCHAYPUJIO
803050001;80305;CUSCO;ANTA;HUAROCONDO;HUAROCONDO
803060001;80306;CUSCO;ANTA;LIMATAMBO;LIMATAMBO
803070001;80307;CUSCO;ANTA;MOLLEPATA;MOLLEPATA
803080001;80308;CUSCO;ANTA;PUCYURA;PUCYURA
803090001;80309;CUSCO;ANTA;ZURITE;ZURITE
804010001;80401;CUSCO;CALCA;CALCA;CALCA
804020001;80402;CUSCO;CALCA;COYA;COYA
804030001;80403;CUSCO;CALCA;LAMAY;LAMAY
804040001;80404;CUSCO;CALCA;LARES;LARES
804050001;80405;CUSCO;CALCA;PISAC;PISAC
804060001;80406;CUSCO;CALCA;SAN SALVADOR;SAN SALVADOR
804070001;80407;CUSCO;CALCA;TARAY;TARAY
804080001;80408;CUSCO;CALCA;YANATILE;QUEBRADA HONDA
805010001;80501;CUSCO;CANAS;YANAOCA;YANAOCA
805020001;80502;CUSCO;CANAS;CHECCA;CHECCA
805030001;80503;CUSCO;CANAS;KUNTURKANKI;EL DESCANSO
805040001;80504;CUSCO;CANAS;LANGUI;LANGUI
805050001;80505;CUSCO;CANAS;LAYO;LAYO
805070001;80507;CUSCO;CANAS;QUEHUE;QUEHUE
805080001;80508;CUSCO;CANAS;TUPAC AMARU;TUNGASUCA
806010001;80601;CUSCO;CANCHIS;SICUANI;SICUANI
806020001;80602;CUSCO;CANCHIS;CHECACUPE;CHECACUPE
806030001;80603;CUSCO;CANCHIS;COMBAPATA;COMBAPATA
806040001;80604;CUSCO;CANCHIS;MARANGANI;MARANGANI
806050001;80605;CUSCO;CANCHIS;PITUMARCA;PITUMARCA
806080001;80608;CUSCO;CANCHIS;TINTA;TINTA
807020001;80702;CUSCO;CHUMBIVILCAS;CAPACMARCA;CAPACMARCA
807030001;80703;CUSCO;CHUMBIVILCAS;CHAMACA;CHAMACA
807040001;80704;CUSCO;CHUMBIVILCAS;COLQUEMARCA;COLQUEMARCA
807050001;80705;CUSCO;CHUMBIVILCAS;LIVITACA;LIVITACA
807060001;80706;CUSCO;CHUMBIVILCAS;LLUSCO;LLUSCO
807070001;80707;CUSCO;CHUMBIVILCAS;QUIÑOTA;QUIÑOTA
807080001;80708;CUSCO;CHUMBIVILCAS;VELILLE;VELILLE
808010001;80801;CUSCO;ESPINAR;ESPINAR;YAURI
808020001;80802;CUSCO;ESPINAR;CONDOROMA;CONDOROMA
808040001;80804;CUSCO;ESPINAR;OCORURO;OCORURO
808050001;80805;CUSCO;ESPINAR;PALLPATA;HECTOR TEJADA
808060001;80806;CUSCO;ESPINAR;PICHIGUA;PICHIGUA
808070001;80807;CUSCO;ESPINAR;SUYCKUTAMBO;VIRGINIYOC
808080001;80808;CUSCO;ESPINAR;ALTO PICHIGUA;ACCOCUNCA
809010001;80901;CUSCO;LA CONVENCION;SANTA ANA;QUILLABAMBA
809020001;80902;CUSCO;LA CONVENCION;ECHARATE;ECHARATE
809030001;80903;CUSCO;LA CONVENCION;HUAYOPATA;HUYRO
809040001;80904;CUSCO;LA CONVENCION;MARANURA;MARANURA
809060001;80906;CUSCO;LA CONVENCION;QUELLOUNO;QUELLOUNO
809070001;80907;CUSCO;LA CONVENCION;KIMBIRI;KIMBIRI
809080001;80908;CUSCO;LA CONVENCION;SANTA TERESA;SANTA TERESA
809100001;80910;CUSCO;LA CONVENCION;PICHARI;PICHARI
809110001;80911;CUSCO;LA CONVENCION;INKAWASI;AMAYBAMBA
809120001;80912;CUSCO;LA CONVENCION;VILLA VIRGEN;VILLA VIRGEN
809130001;80913;CUSCO;LA CONVENCION;VILLA KINTIARINA;VILLA KINTIARINA
809140001;80914;CUSCO;LA CONVENCION;MEGANTONI;CAMISEA
810010001;81001;CUSCO;PARURO;PARURO;PARURO
810020001;81002;CUSCO;PARURO;ACCHA;ACCHA
810030001;81003;CUSCO;PARURO;CCAPI;CCAPI
810040001;81004;CUSCO;PARURO;COLCHA;COLCHA
810050001;81005;CUSCO;PARURO;HUANOQUITE;HUANOQUITE
810060001;81006;CUSCO;PARURO;OMACHA;OMACHA
810070001;81007;CUSCO;PARURO;PACCARITAMBO;PACCARITAMBO
810080001;81008;CUSCO;PARURO;PILLPINTO;PILLPINTO
810090001;81009;CUSCO;PARURO;YAURISQUE;YAURISQUE
811010001;81101;CUSCO;PAUCARTAMBO;PAUCARTAMBO;PAUCARTAMBO
811020001;81102;CUSCO;PAUCARTAMBO;CAICAY;CAICAY
811030001;81103;CUSCO;PAUCARTAMBO;CHALLABAMBA;CHALLABAMBA
811040001;81104;CUSCO;PAUCARTAMBO;COLQUEPATA;COLQUEPATA
811050001;81105;CUSCO;PAUCARTAMBO;HUANCARANI;HUANCARANI
811060001;81106;CUSCO;PAUCARTAMBO;KOSÑIPATA;PILLCOPATA
812010001;81201;CUSCO;QUISPICANCHI;URCOS;URCOS
812020001;81202;CUSCO;QUISPICANCHI;ANDAHUAYLILLAS;ANDAHUAYLILLAS
812030001;81203;CUSCO;QUISPICANCHI;CAMANTI;QUINCE MIL
812040001;81204;CUSCO;QUISPICANCHI;CCARHUAYO;CCARHUAYO
812050001;81205;CUSCO;QUISPICANCHI;CCATCA;CCATCA
812060001;81206;CUSCO;QUISPICANCHI;CUSIPATA;CUSIPATA
812070001;81207;CUSCO;QUISPICANCHI;HUARO;HUARO
812090001;81209;CUSCO;QUISPICANCHI;MARCAPATA;MARCAPATA
812100001;81210;CUSCO;QUISPICANCHI;OCONGATE;OCONGATE
812120001;81212;CUSCO;QUISPICANCHI;QUIQUIJANA;QUIQUIJANA
813010001;81301;CUSCO;URUBAMBA;URUBAMBA;URUBAMBA
813020001;81302;CUSCO;URUBAMBA;CHINCHERO;CHINCHERO
813040001;81304;CUSCO;URUBAMBA;MACHUPICCHU;MACHUPICCHU
813050001;81305;CUSCO;URUBAMBA;MARAS;MARAS
813060001;81306;CUSCO;URUBAMBA;OLLANTAYTAMBO;OLLANTAYTAMBO
813070001;81307;CUSCO;URUBAMBA;YUCAY;YUCAY
901010001;90101;HUANCAVELICA;HUANCAVELICA;HUANCAVELICA;HUANCAVELICA
901020001;90102;HUANCAVELICA;HUANCAVELICA;ACOBAMBILLA;ACOBAMBILLA
901030001;90103;HUANCAVELICA;HUANCAVELICA;ACORIA;ACORIA
901040001;90104;HUANCAVELICA;HUANCAVELICA;CONAYCA;CONAYCA
901050001;90105;HUANCAVELICA;HUANCAVELICA;CUENCA;CUENCA
901060001;90106;HUANCAVELICA;HUANCAVELICA;HUACHOCOLPA;HUACHOCOLPA
901070001;90107;HUANCAVELICA;HUANCAVELICA;HUAYLLAHUARA;HUAYLLAHUARA
901080001;90108;HUANCAVELICA;HUANCAVELICA;IZCUCHACA;IZCUCHACA
901090001;90109;HUANCAVELICA;HUANCAVELICA;LARIA;LARIA
901100001;90110;HUANCAVELICA;HUANCAVELICA;MANTA;MANTA
901120001;90112;HUANCAVELICA;HUANCAVELICA;MOYA;MOYA
901130001;90113;HUANCAVELICA;HUANCAVELICA;NUEVO OCCORO;OCCORO
901140001;90114;HUANCAVELICA;HUANCAVELICA;PALCA;PALCA
901150001;90115;HUANCAVELICA;HUANCAVELICA;PILCHACA;PILCHACA
901160001;90116;HUANCAVELICA;HUANCAVELICA;VILCA;VILCA
901170001;90117;HUANCAVELICA;HUANCAVELICA;YAULI;YAULI
901180001;90118;HUANCAVELICA;HUANCAVELICA;ASCENSION;ASCENSION
901190001;90119;HUANCAVELICA;HUANCAVELICA;HUANDO;HUANDO
902040001;90204;HUANCAVELICA;ACOBAMBA;CAJA;CAJA
902050001;90205;HUANCAVELICA;ACOBAMBA;MARCAS;MARCAS
902060001;90206;HUANCAVELICA;ACOBAMBA;PAUCARA;PAUCARA
902080001;90208;HUANCAVELICA;ACOBAMBA;ROSARIO;ROSARIO
903010001;90301;HUANCAVELICA;ANGARAES;LIRCAY;LIRCAY
903020001;90302;HUANCAVELICA;ANGARAES;ANCHONGA;ANCHONGA
903030001;90303;HUANCAVELICA;ANGARAES;CALLANMARCA;CALLANMARCA
903040001;90304;HUANCAVELICA;ANGARAES;CCOCHACCASA;CCOCHACCASA
903050001;90305;HUANCAVELICA;ANGARAES;CHINCHO;CHINCHO
903060001;90306;HUANCAVELICA;ANGARAES;CONGALLA;CONGALLA
903070001;90307;HUANCAVELICA;ANGARAES;HUANCA-HUANCA;HUANCA-HUANCA
903080001;90308;HUANCAVELICA;ANGARAES;HUAYLLAY GRANDE;HUAYLLAY GRANDE
903090001;90309;HUANCAVELICA;ANGARAES;JULCAMARCA;JULCAMARCA
903100001;90310;HUANCAVELICA;ANGARAES;SAN ANTONIO DE ANTAPARCO;ANTAPARCO
903110001;90311;HUANCAVELICA;ANGARAES;SANTO TOMAS DE PATA;SANTO TOMAS DE PATA
903120001;90312;HUANCAVELICA;ANGARAES;SECCLLA;SECCLLA
904010001;90401;HUANCAVELICA;CASTROVIRREYNA;CASTROVIRREYNA;CASTROVIRREYNA
904020001;90402;HUANCAVELICA;CASTROVIRREYNA;ARMA;ARMA
904030001;90403;HUANCAVELICA;CASTROVIRREYNA;AURAHUA;AURAHUA
904040001;90404;HUANCAVELICA;CASTROVIRREYNA;CAPILLAS;CAPILLAS
904050001;90405;HUANCAVELICA;CASTROVIRREYNA;CHUPAMARCA;CHUPAMARCA
904060001;90406;HUANCAVELICA;CASTROVIRREYNA;COCAS;COCAS
904070001;90407;HUANCAVELICA;CASTROVIRREYNA;HUACHOS;HUACHOS
904080001;90408;HUANCAVELICA;CASTROVIRREYNA;HUAMATAMBO;HUAMATAMBO
904090001;90409;HUANCAVELICA;CASTROVIRREYNA;MOLLEPAMPA;MOLLEPAMPA
904120001;90412;HUANCAVELICA;CASTROVIRREYNA;TANTARA;TANTARA
904130001;90413;HUANCAVELICA;CASTROVIRREYNA;TICRAPO;TICRAPO
905010001;90501;HUANCAVELICA;CHURCAMPA;CHURCAMPA;CHURCAMPA
905030001;90503;HUANCAVELICA;CHURCAMPA;CHINCHIHUASI;CHINCHIHUASI
905040001;90504;HUANCAVELICA;CHURCAMPA;EL CARMEN;PAUCARBAMBILLA
905060001;90506;HUANCAVELICA;CHURCAMPA;LOCROJA;LOCROJA
905070001;90507;HUANCAVELICA;CHURCAMPA;PAUCARBAMBA;PAUCARBAMBA
905080001;90508;HUANCAVELICA;CHURCAMPA;SAN MIGUEL DE MAYOCC;MAYOCC
905090001;90509;HUANCAVELICA;CHURCAMPA;SAN PEDRO DE CORIS;SAN PEDRO DE CORIS
905100001;90510;HUANCAVELICA;CHURCAMPA;PACHAMARCA;PACHAMARCA
905110001;90511;HUANCAVELICA;CHURCAMPA;COSME;SANTA CLARA DE COSME
906010001;90601;HUANCAVELICA;HUAYTARA;HUAYTARA;HUAYTARA
906020001;90602;HUANCAVELICA;HUAYTARA;AYAVI;AYAVI
906030001;90603;HUANCAVELICA;HUAYTARA;CORDOVA;CORDOVA
906040001;90604;HUANCAVELICA;HUAYTARA;HUAYACUNDO ARMA;HUAYACUNDO ARMA
906050001;90605;HUANCAVELICA;HUAYTARA;LARAMARCA;LARAMARCA
906060001;90606;HUANCAVELICA;HUAYTARA;OCOYO;OCOYO
906070001;90607;HUANCAVELICA;HUAYTARA;PILPICHACA;PILPICHACA
906080001;90608;HUANCAVELICA;HUAYTARA;QUERCO;QUERCO
906090001;90609;HUANCAVELICA;HUAYTARA;QUITO-ARMA;QUITO-ARMA
906100001;90610;HUANCAVELICA;HUAYTARA;SAN ANTONIO DE CUSICANCHA;CUSICANCHA
906110001;90611;HUANCAVELICA;HUAYTARA;SAN FRANCISCO DE SANGAYAICO;SAN FRANCISCO DE SANGAYAICO
906120001;90612;HUANCAVELICA;HUAYTARA;SAN ISIDRO;SAN JUAN DE HUIRPACANCHA
906130001;90613;HUANCAVELICA;HUAYTARA;SANTIAGO DE CHOCORVOS;SANTIAGO DE CHOCORVOS
906140001;90614;HUANCAVELICA;HUAYTARA;SANTIAGO DE QUIRAHUARA;SANTIAGO DE QUIRAHUARA
906150001;90615;HUANCAVELICA;HUAYTARA;SANTO DOMINGO DE CAPILLAS;SANTO DOMINGO DE CAPILLAS
907020001;90702;HUANCAVELICA;TAYACAJA;ACOSTAMBO;ACOSTAMBO
907030001;90703;HUANCAVELICA;TAYACAJA;ACRAQUIA;ACRAQUIA
907040001;90704;HUANCAVELICA;TAYACAJA;AHUAYCHA;AHUAYCHA
907060001;90706;HUANCAVELICA;TAYACAJA;DANIEL HERNANDEZ;MARISCAL CACERES
907090001;90709;HUANCAVELICA;TAYACAJA;HUARIBAMBA;HUARIBAMBA
907100001;90710;HUANCAVELICA;TAYACAJA;ÑAHUIMPUQUIO;ÑAHUIMPUQUIO
907110001;90711;HUANCAVELICA;TAYACAJA;PAZOS;PAZOS
907130001;90713;HUANCAVELICA;TAYACAJA;QUISHUAR;QUISHUAR
907140001;90714;HUANCAVELICA;TAYACAJA;SALCABAMBA;SALCABAMBA
907150001;90715;HUANCAVELICA;TAYACAJA;SALCAHUASI;SALCAHUASI
907160001;90716;HUANCAVELICA;TAYACAJA;SAN MARCOS DE ROCCHAC;SAN MARCOS DE ROCCHAC
907170001;90717;HUANCAVELICA;TAYACAJA;SURCUBAMBA;SURCUBAMBA
907180001;90718;HUANCAVELICA;TAYACAJA;TINTAY PUNCU;TINTAY
907190001;90719;HUANCAVELICA;TAYACAJA;QUICHUAS;QUICHUAS
907200001;90720;HUANCAVELICA;TAYACAJA;ANDAYMARCA;ANDAYMARCA
907210001;90721;HUANCAVELICA;TAYACAJA;ROBLE;PUERTO SAN ANTONIO
907220001;90722;HUANCAVELICA;TAYACAJA;PICHOS;PICHOS
907230001;90723;HUANCAVELICA;TAYACAJA;SANTIAGO DE TUCUMA;SANTIAGO DE TUCUMA
1001010001;100101;HUANUCO;HUANUCO;HUANUCO;HUANUCO
1001020001;100102;HUANUCO;HUANUCO;AMARILIS;PAUCARBAMBA
1001030001;100103;HUANUCO;HUANUCO;CHINCHAO;ACOMAYO
1001040001;100104;HUANUCO;HUANUCO;CHURUBAMBA;CHURUBAMBA
1001050001;100105;HUANUCO;HUANUCO;MARGOS;MARGOS
1001060001;100106;HUANUCO;HUANUCO;QUISQUI (KICHKI);HUANCAPALLAC
1001070001;100107;HUANUCO;HUANUCO;SAN FRANCISCO DE CAYRAN;CAYRAN
1001080001;100108;HUANUCO;HUANUCO;SAN PEDRO DE CHAULAN;CHAULAN
1001090001;100109;HUANUCO;HUANUCO;SANTA MARIA DEL VALLE;SANTA MARIA DEL VALLE
1001100001;100110;HUANUCO;HUANUCO;YARUMAYO;YARUMAYO
1001110001;100111;HUANUCO;HUANUCO;PILLCO MARCA;CAYHUAYNA
1001120001;100112;HUANUCO;HUANUCO;YACUS;YACUS
1001130001;100113;HUANUCO;HUANUCO;SAN PABLO DE PILLAO;SAN PABLO DE PILLAO
1002010001;100201;HUANUCO;AMBO;AMBO;AMBO
1002020001;100202;HUANUCO;AMBO;CAYNA;CAYNA
1002030001;100203;HUANUCO;AMBO;COLPAS;COLPAS
1002040001;100204;HUANUCO;AMBO;CONCHAMARCA;CONCHAMARCA
1002050001;100205;HUANUCO;AMBO;HUACAR;HUACAR
1002060001;100206;HUANUCO;AMBO;SAN FRANCISCO;MOSCA
1002070001;100207;HUANUCO;AMBO;SAN RAFAEL;SAN RAFAEL
1002080001;100208;HUANUCO;AMBO;TOMAY KICHWA;TOMAY KICHWA
1003010001;100301;HUANUCO;DOS DE MAYO;LA UNION;LA UNION
1003070001;100307;HUANUCO;DOS DE MAYO;CHUQUIS;CHUQUIS
1003110001;100311;HUANUCO;DOS DE MAYO;MARIAS;MARIAS
1003130001;100313;HUANUCO;DOS DE MAYO;PACHAS;PACHAS
1003160001;100316;HUANUCO;DOS DE MAYO;QUIVILLA;QUIVILLA
1003170001;100317;HUANUCO;DOS DE MAYO;RIPAN;RIPAN
1003210001;100321;HUANUCO;DOS DE MAYO;SHUNQUI;SHUNQUI
1003220001;100322;HUANUCO;DOS DE MAYO;SILLAPATA;SILLAPATA
1003230001;100323;HUANUCO;DOS DE MAYO;YANAS;YANAS
1004010001;100401;HUANUCO;HUACAYBAMBA;HUACAYBAMBA;HUACAYBAMBA
1004020001;100402;HUANUCO;HUACAYBAMBA;CANCHABAMBA;CANCHABAMBA
1004040001;100404;HUANUCO;HUACAYBAMBA;PINRA;PINRA
1005010001;100501;HUANUCO;HUAMALIES;LLATA;LLATA
1005020001;100502;HUANUCO;HUAMALIES;ARANCAY;ARANCAY
1005030001;100503;HUANUCO;HUAMALIES;CHAVIN DE PARIARCA;CHAVIN DE PARIARCA
1005040001;100504;HUANUCO;HUAMALIES;JACAS GRANDE;JACAS GRANDE
1005050001;100505;HUANUCO;HUAMALIES;JIRCAN;JIRCAN
1005070001;100507;HUANUCO;HUAMALIES;MONZON;MONZON
1005080001;100508;HUANUCO;HUAMALIES;PUNCHAO;PUNCHAO
1005090001;100509;HUANUCO;HUAMALIES;PUÑOS;PUÑOS
1005100001;100510;HUANUCO;HUAMALIES;SINGA;SINGA
1005110001;100511;HUANUCO;HUAMALIES;TANTAMAYO;TANTAMAYO
1006010001;100601;HUANUCO;LEONCIO PRADO;RUPA-RUPA;TINGO MARIA
1006020001;100602;HUANUCO;LEONCIO PRADO;DANIEL ALOMIA ROBLES;DANIEL ALOMIA ROBLES (PUMAHUASI)
1006030001;100603;HUANUCO;LEONCIO PRADO;HERMILIO VALDIZAN;HERMILIO VALDIZAN
1006040001;100604;HUANUCO;LEONCIO PRADO;JOSE CRESPO Y CASTILLO;AUCAYACU
1006050001;100605;HUANUCO;LEONCIO PRADO;LUYANDO;NARANJILLO
1006060001;100606;HUANUCO;LEONCIO PRADO;MARIANO DAMASO BERAUN;LAS PALMAS
1006070001;100607;HUANUCO;LEONCIO PRADO;PUCAYACU;PUCAYACU
1006080001;100608;HUANUCO;LEONCIO PRADO;CASTILLO GRANDE;CASTILLO GRANDE
1006090001;100609;HUANUCO;LEONCIO PRADO;PUEBLO NUEVO;PUEBLO NUEVO
1006100001;100610;HUANUCO;LEONCIO PRADO;SANTO DOMINGO DE ANDA;PACAE
1007010001;100701;HUANUCO;MARAÑON;HUACRACHUCO;HUACRACHUCO
1007020001;100702;HUANUCO;MARAÑON;CHOLON;SAN PEDRO DE CHONTA
1007030001;100703;HUANUCO;MARAÑON;SAN BUENAVENTURA;SAN BUENAVENTURA
1007040001;100704;HUANUCO;MARAÑON;LA MORADA;LA MORADA
1007050001;100705;HUANUCO;MARAÑON;SANTA ROSA DE ALTO YANAJANCA;SANTA ROSA DE ALTO YANAJANCA
1008010001;100801;HUANUCO;PACHITEA;PANAO;PANAO
1008020001;100802;HUANUCO;PACHITEA;CHAGLLA;CHAGLLA
1008030001;100803;HUANUCO;PACHITEA;MOLINO;MOLINO
1008040001;100804;HUANUCO;PACHITEA;UMARI;UMARI (TAMBILLO)
1009010001;100901;HUANUCO;PUERTO INCA;PUERTO INCA;PUERTO INCA
1009020001;100902;HUANUCO;PUERTO INCA;CODO DEL POZUZO;CODO DEL POZUZO
1009030001;100903;HUANUCO;PUERTO INCA;HONORIA;HONORIA
1009040001;100904;HUANUCO;PUERTO INCA;TOURNAVISTA;TOURNAVISTA
1009050001;100905;HUANUCO;PUERTO INCA;YUYAPICHIS;YUYAPICHIS
1010020001;101002;HUANUCO;LAURICOCHA;BAÑOS;BAÑOS
1010030001;101003;HUANUCO;LAURICOCHA;JIVIA;JIVIA
1010040001;101004;HUANUCO;LAURICOCHA;QUEROPALCA;QUEROPALCA
1010050001;101005;HUANUCO;LAURICOCHA;RONDOS;RONDOS
1010060001;101006;HUANUCO;LAURICOCHA;SAN FRANCISCO DE ASIS;HUARIN
1010070001;101007;HUANUCO;LAURICOCHA;SAN MIGUEL DE CAURI;CAURI
1011010001;101101;HUANUCO;YAROWILCA;CHAVINILLO;CHAVINILLO
1011020001;101102;HUANUCO;YAROWILCA;CAHUAC;CAHUAC
1011030001;101103;HUANUCO;YAROWILCA;CHACABAMBA;CHACABAMBA
1011040001;101104;HUANUCO;YAROWILCA;APARICIO POMARES;CHUPAN
1011050001;101105;HUANUCO;YAROWILCA;JACAS CHICO;SAN CRISTOBAL DE JACAS CHICO
1011060001;101106;HUANUCO;YAROWILCA;OBAS;OBAS
1011080001;101108;HUANUCO;YAROWILCA;CHORAS;CHORAS
1101010001;110101;ICA;ICA;ICA;ICA
1101020001;110102;ICA;ICA;LA TINGUIÑA;LA TINGUIÑA
1101030001;110103;ICA;ICA;LOS AQUIJES;LOS AQUIJES
1101040001;110104;ICA;ICA;OCUCAJE;OCUCAJE
1101050001;110105;ICA;ICA;PACHACUTEC;PAMPA DE TATE
1101060001;110106;ICA;ICA;PARCONA;PARCONA
1101080001;110108;ICA;ICA;SALAS;GUADALUPE
1101090001;110109;ICA;ICA;SAN JOSE DE LOS MOLINOS;SAN JOSE DE LOS MOLINOS
1101120001;110112;ICA;ICA;SUBTANJALLA;SUBTANJALLA
1101130001;110113;ICA;ICA;TATE;TATE DE LA CAPILLA
1101140001;110114;ICA;ICA;YAUCA DEL ROSARIO;PAMPAHUASI
1102010001;110201;ICA;CHINCHA;CHINCHA ALTA;CHINCHA ALTA
1102020001;110202;ICA;CHINCHA;ALTO LARAN;ALTO LARAN
1102030001;110203;ICA;CHINCHA;CHAVIN;CHAVIN
1102040001;110204;ICA;CHINCHA;CHINCHA BAJA;CHINCHA BAJA
1102060001;110206;ICA;CHINCHA;GROCIO PRADO;SAN PEDRO
1102080001;110208;ICA;CHINCHA;SAN JUAN DE YANAC;SAN JUAN DE YANAC
1102090001;110209;ICA;CHINCHA;SAN PEDRO DE HUACARPANA;SAN PEDRO DE HUACARPANA
1102100001;110210;ICA;CHINCHA;SUNAMPE;SUNAMPE
1102110001;110211;ICA;CHINCHA;TAMBO DE MORA;TAMBO DE MORA
1103010001;110301;ICA;NASCA;NASCA;NASCA
1103020001;110302;ICA;NASCA;CHANGUILLO;CHANGUILLO
1103030001;110303;ICA;NASCA;EL INGENIO;EL INGENIO
1103040001;110304;ICA;NASCA;MARCONA;SAN JUAN
1104010001;110401;ICA;PALPA;PALPA;PALPA
1104020001;110402;ICA;PALPA;LLIPATA;LLIPATA
1104050001;110405;ICA;PALPA;TIBILLO;TIBILLO
1105010001;110501;ICA;PISCO;PISCO;PISCO
1105020001;110502;ICA;PISCO;HUANCANO;HUANCANO
1105030001;110503;ICA;PISCO;HUMAY;HUMAY
1105050001;110505;ICA;PISCO;PARACAS;PARACAS
1105060001;110506;ICA;PISCO;SAN ANDRES;SAN ANDRES
1105070001;110507;ICA;PISCO;SAN CLEMENTE;SAN CLEMENTE
1105080001;110508;ICA;PISCO;TUPAC AMARU INCA;TUPAC AMARU
1201010001;120101;JUNIN;HUANCAYO;HUANCAYO;HUANCAYO
1201040001;120104;JUNIN;HUANCAYO;CARHUACALLANGA;CARHUACALLANGA
1201050001;120105;JUNIN;HUANCAYO;CHACAPAMPA;CHACAPAMPA
1201060001;120106;JUNIN;HUANCAYO;CHICCHE;CHICCHE
1201070001;120107;JUNIN;HUANCAYO;CHILCA;CHILCA
1201080001;120108;JUNIN;HUANCAYO;CHONGOS ALTO;CHONGOS ALTO
1201110001;120111;JUNIN;HUANCAYO;CHUPURO;CHUPURO
1201130001;120113;JUNIN;HUANCAYO;CULLHUAS;CULLHUAS
1201140001;120114;JUNIN;HUANCAYO;EL TAMBO;EL TAMBO
1201160001;120116;JUNIN;HUANCAYO;HUACRAPUQUIO;HUACRAPUQUIO
1201170001;120117;JUNIN;HUANCAYO;HUALHUAS;HUALHUAS
1201190001;120119;JUNIN;HUANCAYO;HUANCAN;HUANCAN
1201200001;120120;JUNIN;HUANCAYO;HUASICANCHA;HUASICANCHA
1201210001;120121;JUNIN;HUANCAYO;HUAYUCACHI;HUAYUCACHI
1201220001;120122;JUNIN;HUANCAYO;INGENIO;INGENIO
1201250001;120125;JUNIN;HUANCAYO;PILCOMAYO;PILCOMAYO
1201270001;120127;JUNIN;HUANCAYO;QUICHUAY;QUICHUAY
1201280001;120128;JUNIN;HUANCAYO;QUILCAS;QUILCAS
1201290001;120129;JUNIN;HUANCAYO;SAN AGUSTIN;SAN AGUSTIN
1201300001;120130;JUNIN;HUANCAYO;SAN JERONIMO DE TUNAN;SAN JERONIMO DE TUNAN
1201320001;120132;JUNIN;HUANCAYO;SAÑO;SAÑO
1201330001;120133;JUNIN;HUANCAYO;SAPALLANGA;SAPALLANGA
1201340001;120134;JUNIN;HUANCAYO;SICAYA;SICAYA
1201350001;120135;JUNIN;HUANCAYO;SANTO DOMINGO DE ACOBAMBA;SANTO DOMINGO DE ACOBAMBA
1201360001;120136;JUNIN;HUANCAYO;VIQUES;VIQUES
1202030001;120203;JUNIN;CONCEPCION;ANDAMARCA;ANDAMARCA
1202040001;120204;JUNIN;CONCEPCION;CHAMBARA;CHAMBARA
1202060001;120206;JUNIN;CONCEPCION;COMAS;COMAS
1202070001;120207;JUNIN;CONCEPCION;HEROINAS TOLEDO;SAN ANTONIO DE OCOPA
1202080001;120208;JUNIN;CONCEPCION;MANZANARES;SAN MIGUEL
1202100001;120210;JUNIN;CONCEPCION;MATAHUASI;MATAHUASI
1202110001;120211;JUNIN;CONCEPCION;MITO;MITO
1202120001;120212;JUNIN;CONCEPCION;NUEVE DE JULIO;SANTO DOMINGO DEL PRADO
1202130001;120213;JUNIN;CONCEPCION;ORCOTUNA;ORCOTUNA
1202140001;120214;JUNIN;CONCEPCION;SAN JOSE DE QUERO;SAN JOSE DE QUERO
1202150001;120215;JUNIN;CONCEPCION;SANTA ROSA DE OCOPA;SANTA ROSA
1203010001;120301;JUNIN;CHANCHAMAYO;CHANCHAMAYO;LA MERCED
1203020001;120302;JUNIN;CHANCHAMAYO;PERENE;PERENE
1203030001;120303;JUNIN;CHANCHAMAYO;PICHANAQUI;BAJO PICHANAQUI
1203040001;120304;JUNIN;CHANCHAMAYO;SAN LUIS DE SHUARO;SAN LUIS DE SHUARO
1203050001;120305;JUNIN;CHANCHAMAYO;SAN RAMON;SAN RAMON
1203060001;120306;JUNIN;CHANCHAMAYO;VITOC;PUCARA
1204010001;120401;JUNIN;JAUJA;JAUJA;JAUJA
1204020001;120402;JUNIN;JAUJA;ACOLLA;ACOLLA
1204030001;120403;JUNIN;JAUJA;APATA;APATA
1204040001;120404;JUNIN;JAUJA;ATAURA;ATAURA
1204050001;120405;JUNIN;JAUJA;CANCHAYLLO;CANCHAYLLO
1204060001;120406;JUNIN;JAUJA;CURICACA;EL ROSARIO
1204070001;120407;JUNIN;JAUJA;EL MANTARO;PUCUCHO
1204080001;120408;JUNIN;JAUJA;HUAMALI;HUAMALI
1204090001;120409;JUNIN;JAUJA;HUARIPAMPA;HUARIPAMPA
1204100001;120410;JUNIN;JAUJA;HUERTAS;HUERTAS
1204110001;120411;JUNIN;JAUJA;JANJAILLO;JANJAILLO
1204120001;120412;JUNIN;JAUJA;JULCAN;JULCAN
1204130001;120413;JUNIN;JAUJA;LEONOR ORDOÑEZ;HUANCANI
1204140001;120414;JUNIN;JAUJA;LLOCLLAPAMPA;LLOCLLAPAMPA
1204150001;120415;JUNIN;JAUJA;MARCO;MARCO
1204160001;120416;JUNIN;JAUJA;MASMA;MASMA
1204170001;120417;JUNIN;JAUJA;MASMA CHICCHE;MASMA CHICCHE
1204180001;120418;JUNIN;JAUJA;MOLINOS;MOLINOS
1204190001;120419;JUNIN;JAUJA;MONOBAMBA;MONOBAMBA
1204200001;120420;JUNIN;JAUJA;MUQUI;MUQUI
1204210001;120421;JUNIN;JAUJA;MUQUIYAUYO;MUQUIYAUYO
1204220001;120422;JUNIN;JAUJA;PACA;PACA
1204240001;120424;JUNIN;JAUJA;PANCAN;PANCAN
1204250001;120425;JUNIN;JAUJA;PARCO;PARCO
1204260001;120426;JUNIN;JAUJA;POMACANCHA;POMACANCHA
1204270001;120427;JUNIN;JAUJA;RICRAN;RICRAN
1204280001;120428;JUNIN;JAUJA;SAN LORENZO;SAN LORENZO
1204290001;120429;JUNIN;JAUJA;SAN PEDRO DE CHUNAN;SAN PEDRO DE CHUNAN
1204300001;120430;JUNIN;JAUJA;SAUSA;SAUSA
1204310001;120431;JUNIN;JAUJA;SINCOS;SINCOS
1204320001;120432;JUNIN;JAUJA;TUNAN MARCA;CONCHO
1204340001;120434;JUNIN;JAUJA;YAUYOS;YAUYOS
1205010001;120501;JUNIN;JUNIN;JUNIN;JUNIN
1205020001;120502;JUNIN;JUNIN;CARHUAMAYO;CARHUAMAYO
1205030001;120503;JUNIN;JUNIN;ONDORES;ONDORES
1205040001;120504;JUNIN;JUNIN;ULCUMAYO;ULCUMAYO
1206010001;120601;JUNIN;SATIPO;SATIPO;SATIPO
1206020001;120602;JUNIN;SATIPO;COVIRIALI;COVIRIALI
1206030001;120603;JUNIN;SATIPO;LLAYLLA;LLAYLLA
1206040001;120604;JUNIN;SATIPO;MAZAMARI;MAZAMARI
1206050001;120605;JUNIN;SATIPO;PAMPA HERMOSA;MARIPOSA
1206060001;120606;JUNIN;SATIPO;PANGOA;SAN MARTIN DE PANGOA
1206070001;120607;JUNIN;SATIPO;RIO NEGRO;RIO NEGRO
1206080001;120608;JUNIN;SATIPO;RIO TAMBO;PUERTO OCOPA
1206090001;120609;JUNIN;SATIPO;VIZCATAN DEL ENE;SAN MIGUEL DEL ENE
1207010001;120701;JUNIN;TARMA;TARMA;TARMA
1207030001;120703;JUNIN;TARMA;HUARICOLCA;HUARICOLCA
1207040001;120704;JUNIN;TARMA;HUASAHUASI;HUASAHUASI
1207070001;120707;JUNIN;TARMA;PALCAMAYO;PALCAMAYO
1207080001;120708;JUNIN;TARMA;SAN PEDRO DE CAJAS;SAN PEDRO DE CAJAS
1207090001;120709;JUNIN;TARMA;TAPO;TAPO
1208010001;120801;JUNIN;YAULI;LA OROYA;LA OROYA
1208020001;120802;JUNIN;YAULI;CHACAPALPA;CHACAPALPA
1208030001;120803;JUNIN;YAULI;HUAY-HUAY;HUAY-HUAY
1208040001;120804;JUNIN;YAULI;MARCAPOMACOCHA;MARCAPOMACOCHA
1208050001;120805;JUNIN;YAULI;MOROCOCHA;NUEVA CIUDAD MOROCOCHA
1208070001;120807;JUNIN;YAULI;SANTA BARBARA DE CARHUACAYAN;SANTA BARBARA DE CARHUACAYAN
1208080001;120808;JUNIN;YAULI;SANTA ROSA DE SACCO;SANTA ROSA DE SACCO
1208090001;120809;JUNIN;YAULI;SUITUCANCHA;SUITUCANCHA
1209010001;120901;JUNIN;CHUPACA;CHUPACA;CHUPACA
1209020001;120902;JUNIN;CHUPACA;AHUAC;AHUAC
1209030001;120903;JUNIN;CHUPACA;CHONGOS BAJO;CHONGOS BAJO
1209040001;120904;JUNIN;CHUPACA;HUACHAC;HUACHAC
1209050001;120905;JUNIN;CHUPACA;HUAMANCACA CHICO;HUAMANCACA CHICO
1209060001;120906;JUNIN;CHUPACA;SAN JUAN DE ISCOS;ISCOS
1209070001;120907;JUNIN;CHUPACA;SAN JUAN DE JARPA;JARPA
1209080001;120908;JUNIN;CHUPACA;TRES DE DICIEMBRE;TRES DE DICIEMBRE
1209090001;120909;JUNIN;CHUPACA;YANACANCHA;YANACANCHA
1301010001;130101;LA LIBERTAD;TRUJILLO;TRUJILLO;TRUJILLO
1301030001;130103;LA LIBERTAD;TRUJILLO;FLORENCIA DE MORA;FLORENCIA DE MORA
1301040001;130104;LA LIBERTAD;TRUJILLO;HUANCHACO;HUANCHACO
1301060001;130106;LA LIBERTAD;TRUJILLO;LAREDO;LAREDO
1301070001;130107;LA LIBERTAD;TRUJILLO;MOCHE;MOCHE
1301080001;130108;LA LIBERTAD;TRUJILLO;POROTO;POROTO
1301090001;130109;LA LIBERTAD;TRUJILLO;SALAVERRY;SALAVERRY
1301100001;130110;LA LIBERTAD;TRUJILLO;SIMBAL;SIMBAL
1301110001;130111;LA LIBERTAD;TRUJILLO;VICTOR LARCO HERRERA;BUENOS AIRES
1302010001;130201;LA LIBERTAD;ASCOPE;ASCOPE;ASCOPE
1302020001;130202;LA LIBERTAD;ASCOPE;CHICAMA;CHICAMA
1302030001;130203;LA LIBERTAD;ASCOPE;CHOCOPE;CHOCOPE
1302040001;130204;LA LIBERTAD;ASCOPE;MAGDALENA DE CAO;MAGDALENA DE CAO
1302050001;130205;LA LIBERTAD;ASCOPE;PAIJAN;PAIJAN
1302060001;130206;LA LIBERTAD;ASCOPE;RAZURI;PUERTO DE MALABRIGO
1302070001;130207;LA LIBERTAD;ASCOPE;SANTIAGO DE CAO;SANTIAGO DE CAO
1302080001;130208;LA LIBERTAD;ASCOPE;CASA GRANDE;CASA GRANDE
1303030001;130303;LA LIBERTAD;BOLIVAR;CONDORMARCA;NUEVO CONDORMARCA
1303040001;130304;LA LIBERTAD;BOLIVAR;LONGOTEA;LONGOTEA
1303050001;130305;LA LIBERTAD;BOLIVAR;UCHUMARCA;UCHUMARCA
1303060001;130306;LA LIBERTAD;BOLIVAR;UCUNCHA;UCUNCHA
1304010001;130401;LA LIBERTAD;CHEPEN;CHEPEN;CHEPEN
1304020001;130402;LA LIBERTAD;CHEPEN;PACANGA;PACANGA
1305020001;130502;LA LIBERTAD;JULCAN;CALAMARCA;CALAMARCA
1305030001;130503;LA LIBERTAD;JULCAN;CARABAMBA;CARABAMBA
1305040001;130504;LA LIBERTAD;JULCAN;HUASO;HUASO
1306010001;130601;LA LIBERTAD;OTUZCO;OTUZCO;OTUZCO
1306020001;130602;LA LIBERTAD;OTUZCO;AGALLPAMPA;AGALLPAMPA
1306040001;130604;LA LIBERTAD;OTUZCO;CHARAT;CHARAT
1306050001;130605;LA LIBERTAD;OTUZCO;HUARANCHAL;HUARANCHAL
1306060001;130606;LA LIBERTAD;OTUZCO;LA CUESTA;LA CUESTA
1306080001;130608;LA LIBERTAD;OTUZCO;MACHE;MACHE
1306100001;130610;LA LIBERTAD;OTUZCO;PARANDAY;PARANDAY
1306110001;130611;LA LIBERTAD;OTUZCO;SALPO;SALPO
1306130001;130613;LA LIBERTAD;OTUZCO;SINSICAP;SINSICAP
1306140001;130614;LA LIBERTAD;OTUZCO;USQUIL;USQUIL
1307010001;130701;LA LIBERTAD;PACASMAYO;SAN PEDRO DE LLOC;SAN PEDRO DE LLOC
1307020001;130702;LA LIBERTAD;PACASMAYO;GUADALUPE;GUADALUPE
1307030001;130703;LA LIBERTAD;PACASMAYO;JEQUETEPEQUE;JEQUETEPEQUE
1307040001;130704;LA LIBERTAD;PACASMAYO;PACASMAYO;PACASMAYO
1307050001;130705;LA LIBERTAD;PACASMAYO;SAN JOSE;SAN JOSE
1308010001;130801;LA LIBERTAD;PATAZ;TAYABAMBA;TAYABAMBA
1308020001;130802;LA LIBERTAD;PATAZ;BULDIBUYO;BULDIBUYO
1308030001;130803;LA LIBERTAD;PATAZ;CHILLIA;CHILLIA
1308040001;130804;LA LIBERTAD;PATAZ;HUANCASPATA;HUANCASPATA
1308050001;130805;LA LIBERTAD;PATAZ;HUAYLILLAS;HUAYLILLAS
1308060001;130806;LA LIBERTAD;PATAZ;HUAYO;HUAYO
1308070001;130807;LA LIBERTAD;PATAZ;ONGON;ONGON
1308080001;130808;LA LIBERTAD;PATAZ;PARCOY;PARCOY
1308090001;130809;LA LIBERTAD;PATAZ;PATAZ;PATAZ
1308100001;130810;LA LIBERTAD;PATAZ;PIAS;PIAS
1308110001;130811;LA LIBERTAD;PATAZ;SANTIAGO DE CHALLAS;CHALLAS
1308120001;130812;LA LIBERTAD;PATAZ;TAURIJA;TAURIJA
1308130001;130813;LA LIBERTAD;PATAZ;URPAY;URPAY
1309010001;130901;LA LIBERTAD;SANCHEZ CARRION;HUAMACHUCO;HUAMACHUCO
1309020001;130902;LA LIBERTAD;SANCHEZ CARRION;CHUGAY;CHUGAY
1309030001;130903;LA LIBERTAD;SANCHEZ CARRION;COCHORCO;ARICAPAMPA
1309040001;130904;LA LIBERTAD;SANCHEZ CARRION;CURGOS;CURGOS
1309050001;130905;LA LIBERTAD;SANCHEZ CARRION;MARCABAL;MARCABAL
1309060001;130906;LA LIBERTAD;SANCHEZ CARRION;SANAGORAN;SANAGORAN
1309070001;130907;LA LIBERTAD;SANCHEZ CARRION;SARIN;SARIN
1309080001;130908;LA LIBERTAD;SANCHEZ CARRION;SARTIMBAMBA;SARTIMBAMBA
1310010001;131001;LA LIBERTAD;SANTIAGO DE CHUCO;SANTIAGO DE CHUCO;SANTIAGO DE CHUCO
1310020001;131002;LA LIBERTAD;SANTIAGO DE CHUCO;ANGASMARCA;ANGASMARCA
1310030001;131003;LA LIBERTAD;SANTIAGO DE CHUCO;CACHICADAN;CACHICADAN
1310040001;131004;LA LIBERTAD;SANTIAGO DE CHUCO;MOLLEBAMBA;MOLLEBAMBA
1310060001;131006;LA LIBERTAD;SANTIAGO DE CHUCO;QUIRUVILCA;QUIRUVILCA
1310070001;131007;LA LIBERTAD;SANTIAGO DE CHUCO;SANTA CRUZ DE CHUCA;SANTA CRUZ DE CHUCA
1310080001;131008;LA LIBERTAD;SANTIAGO DE CHUCO;SITABAMBA;SITABAMBA
1311010001;131101;LA LIBERTAD;GRAN CHIMU;CASCAS;CASCAS
1311030001;131103;LA LIBERTAD;GRAN CHIMU;MARMOT;COMPIN
1311040001;131104;LA LIBERTAD;GRAN CHIMU;SAYAPULLO;SAYAPULLO
1312010001;131201;LA LIBERTAD;VIRU;VIRU;VIRU
1312020001;131202;LA LIBERTAD;VIRU;CHAO;CHAO
1312030001;131203;LA LIBERTAD;VIRU;GUADALUPITO;GUADALUPITO
1401010001;140101;LAMBAYEQUE;CHICLAYO;CHICLAYO;CHICLAYO
1401020001;140102;LAMBAYEQUE;CHICLAYO;CHONGOYAPE;CHONGOYAPE
1401030001;140103;LAMBAYEQUE;CHICLAYO;ETEN;ETEN
1401040001;140104;LAMBAYEQUE;CHICLAYO;ETEN PUERTO;ETEN PUERTO
1401050001;140105;LAMBAYEQUE;CHICLAYO;JOSE LEONARDO ORTIZ;JOSE LEONARDO ORTIZ
1401060001;140106;LAMBAYEQUE;CHICLAYO;LA VICTORIA;LA VICTORIA
1401070001;140107;LAMBAYEQUE;CHICLAYO;LAGUNAS;MOCUPE
1401080001;140108;LAMBAYEQUE;CHICLAYO;MONSEFU;MONSEFU
1401090001;140109;LAMBAYEQUE;CHICLAYO;NUEVA ARICA;NUEVA ARICA
1401100001;140110;LAMBAYEQUE;CHICLAYO;OYOTUN;OYOTUN
1401110001;140111;LAMBAYEQUE;CHICLAYO;PICSI;PICSI
1401120001;140112;LAMBAYEQUE;CHICLAYO;PIMENTEL;PIMENTEL
1401130001;140113;LAMBAYEQUE;CHICLAYO;REQUE;REQUE
1401150001;140115;LAMBAYEQUE;CHICLAYO;SAÑA;SAÑA
1401160001;140116;LAMBAYEQUE;CHICLAYO;CAYALTI;CAYALTI
1401170001;140117;LAMBAYEQUE;CHICLAYO;PATAPO;PATAPO
1401180001;140118;LAMBAYEQUE;CHICLAYO;POMALCA;POMALCA
1401190001;140119;LAMBAYEQUE;CHICLAYO;PUCALA;PUCALA
1401200001;140120;LAMBAYEQUE;CHICLAYO;TUMAN;TUMAN
1402010001;140201;LAMBAYEQUE;FERREÑAFE;FERREÑAFE;FERREÑAFE
1402020001;140202;LAMBAYEQUE;FERREÑAFE;CAÑARIS;CAÑARIS
1402030001;140203;LAMBAYEQUE;FERREÑAFE;INCAHUASI;INCAHUASI
1402040001;140204;LAMBAYEQUE;FERREÑAFE;MANUEL ANTONIO MESONES MURO;MANUEL ANTONIO MESONES MURO
1402050001;140205;LAMBAYEQUE;FERREÑAFE;PITIPO;PITIPO
1403010001;140301;LAMBAYEQUE;LAMBAYEQUE;LAMBAYEQUE;LAMBAYEQUE
1403020001;140302;LAMBAYEQUE;LAMBAYEQUE;CHOCHOPE;CHOCHOPE
1403030001;140303;LAMBAYEQUE;LAMBAYEQUE;ILLIMO;ILLIMO
1403040001;140304;LAMBAYEQUE;LAMBAYEQUE;JAYANCA;JAYANCA
1403050001;140305;LAMBAYEQUE;LAMBAYEQUE;MOCHUMI;MOCHUMI
1403060001;140306;LAMBAYEQUE;LAMBAYEQUE;MORROPE;MORROPE
1403070001;140307;LAMBAYEQUE;LAMBAYEQUE;MOTUPE;MOTUPE
1403080001;140308;LAMBAYEQUE;LAMBAYEQUE;OLMOS;OLMOS
1403090001;140309;LAMBAYEQUE;LAMBAYEQUE;PACORA;PACORA
1403120001;140312;LAMBAYEQUE;LAMBAYEQUE;TUCUME;TUCUME
1501010001;150101;LIMA;LIMA;LIMA;LIMA
1501020001;150102;LIMA;LIMA;ANCON;ANCON
1501030001;150103;LIMA;LIMA;ATE;VITARTE
1501040001;150104;LIMA;LIMA;BARRANCO;BARRANCO
1501050001;150105;LIMA;LIMA;BREÑA;BREÑA
1501060001;150106;LIMA;LIMA;CARABAYLLO;CARABAYLLO
1501070001;150107;LIMA;LIMA;CHACLACAYO;CHACLACAYO
1501080001;150108;LIMA;LIMA;CHORRILLOS;CHORRILLOS
1501090001;150109;LIMA;LIMA;CIENEGUILLA;CIENEGUILLA
1501110001;150111;LIMA;LIMA;EL AGUSTINO;EL AGUSTINO
1501130001;150113;LIMA;LIMA;JESUS MARIA;JESUS MARIA
1501140001;150114;LIMA;LIMA;LA MOLINA;LA MOLINA
1501160001;150116;LIMA;LIMA;LINCE;LINCE
1501170001;150117;LIMA;LIMA;LOS OLIVOS;LAS PALMERAS
1501180001;150118;LIMA;LIMA;LURIGANCHO;CHOSICA
1501190001;150119;LIMA;LIMA;LURIN;LURIN
1501200001;150120;LIMA;LIMA;MAGDALENA DEL MAR;MAGDALENA DEL MAR
1501230001;150123;LIMA;LIMA;PACHACAMAC;PACHACAMAC
1501240001;150124;LIMA;LIMA;PUCUSANA;PUCUSANA
1501250001;150125;LIMA;LIMA;PUENTE PIEDRA;PUENTE PIEDRA
1501260001;150126;LIMA;LIMA;PUNTA HERMOSA;PUNTA HERMOSA
1501270001;150127;LIMA;LIMA;PUNTA NEGRA;PUNTA NEGRA
1501280001;150128;LIMA;LIMA;RIMAC;RIMAC
1501290001;150129;LIMA;LIMA;SAN BARTOLO;SAN BARTOLO
1501300001;150130;LIMA;LIMA;SAN BORJA;SAN FRANCISCO DE BORJA
1501320001;150132;LIMA;LIMA;SAN JUAN DE LURIGANCHO;SAN JUAN DE LURIGANCHO
1501330001;150133;LIMA;LIMA;SAN JUAN DE MIRAFLORES;CIUDAD DE DIOS
1501350001;150135;LIMA;LIMA;SAN MARTIN DE PORRES;BARRIO OBRERO INDUSTRIAL
1501370001;150137;LIMA;LIMA;SANTA ANITA;SANTA ANITA - LOS FICUS
1501380001;150138;LIMA;LIMA;SANTA MARIA DEL MAR;SANTA MARIA DEL MAR
1501400001;150140;LIMA;LIMA;SANTIAGO DE SURCO;SANTIAGO DE SURCO
1501410001;150141;LIMA;LIMA;SURQUILLO;SURQUILLO
1501420001;150142;LIMA;LIMA;VILLA EL SALVADOR;VILLA EL SALVADOR
1501430001;150143;LIMA;LIMA;VILLA MARIA DEL TRIUNFO;VILLA MARIA DEL TRIUNFO
1502010001;150201;LIMA;BARRANCA;BARRANCA;BARRANCA
1502020001;150202;LIMA;BARRANCA;PARAMONGA;PARAMONGA
1502030001;150203;LIMA;BARRANCA;PATIVILCA;PATIVILCA
1502040001;150204;LIMA;BARRANCA;SUPE;SUPE
1502050001;150205;LIMA;BARRANCA;SUPE PUERTO;SUPE PUERTO
1503010001;150301;LIMA;CAJATAMBO;CAJATAMBO;CAJATAMBO
1503020001;150302;LIMA;CAJATAMBO;COPA;COPA
1503030001;150303;LIMA;CAJATAMBO;GORGOR;GORGOR
1503040001;150304;LIMA;CAJATAMBO;HUANCAPON;HUANCAPON
1503050001;150305;LIMA;CAJATAMBO;MANAS;MANAS
1504010001;150401;LIMA;CANTA;CANTA;CANTA
1504020001;150402;LIMA;CANTA;ARAHUAY;ARAHUAY
1504030001;150403;LIMA;CANTA;HUAMANTANGA;HUAMANTANGA
1504040001;150404;LIMA;CANTA;HUAROS;HUAROS
1504050001;150405;LIMA;CANTA;LACHAQUI;LACHAQUI
1504070001;150407;LIMA;CANTA;SANTA ROSA DE QUIVES;YANGAS
1505010001;150501;LIMA;CAÑETE;SAN VICENTE DE CAÑETE;SAN VICENTE DE CAÑETE
1505020001;150502;LIMA;CAÑETE;ASIA;ASIA
1505030001;150503;LIMA;CAÑETE;CALANGO;CALANGO
1505040001;150504;LIMA;CAÑETE;CERRO AZUL;CERRO AZUL
1505060001;150506;LIMA;CAÑETE;COAYLLO;COAYLLO
1505070001;150507;LIMA;CAÑETE;IMPERIAL;IMPERIAL
1505080001;150508;LIMA;CAÑETE;LUNAHUANA;LUNAHUANA
1505090001;150509;LIMA;CAÑETE;MALA;MALA
1505100001;150510;LIMA;CAÑETE;NUEVO IMPERIAL;NUEVO IMPERIAL
1505110001;150511;LIMA;CAÑETE;PACARAN;PACARAN
1505120001;150512;LIMA;CAÑETE;QUILMANA;QUILMANA
1505150001;150515;LIMA;CAÑETE;SANTA CRUZ DE FLORES;SANTA CRUZ DE FLORES
1505160001;150516;LIMA;CAÑETE;ZUÑIGA;ZUÑIGA
1506010001;150601;LIMA;HUARAL;HUARAL;HUARAL
1506020001;150602;LIMA;HUARAL;ATAVILLOS ALTO;PIRCA
1506030001;150603;LIMA;HUARAL;ATAVILLOS BAJO;SAN AGUSTIN DE HUAYOPAMPA
1506040001;150604;LIMA;HUARAL;AUCALLAMA;AUCALLAMA
1506060001;150606;LIMA;HUARAL;IHUARI;IHUARI
1506070001;150607;LIMA;HUARAL;LAMPIAN;LAMPIAN
1506080001;150608;LIMA;HUARAL;PACARAOS;PACARAOS
1506090001;150609;LIMA;HUARAL;SAN MIGUEL DE ACOS;ACOS
1506100001;150610;LIMA;HUARAL;SANTA CRUZ DE ANDAMARCA;SANTA CRUZ DE ANDAMARCA
1506110001;150611;LIMA;HUARAL;SUMBILCA;SUMBILCA
1506120001;150612;LIMA;HUARAL;VEINTISIETE DE NOVIEMBRE;CARAC
1507010001;150701;LIMA;HUAROCHIRI;MATUCANA;MATUCANA
1507020001;150702;LIMA;HUAROCHIRI;ANTIOQUIA;ANTIOQUIA
1507030001;150703;LIMA;HUAROCHIRI;CALLAHUANCA;CALLAHUANCA
1507040001;150704;LIMA;HUAROCHIRI;CARAMPOMA;CARAMPOMA
1507050001;150705;LIMA;HUAROCHIRI;CHICLA;CHICLA
1507070001;150707;LIMA;HUAROCHIRI;HUACHUPAMPA;SAN LORENZO DE HUACHUPAMPA
1507080001;150708;LIMA;HUAROCHIRI;HUANZA;HUANZA
1507090001;150709;LIMA;HUAROCHIRI;HUAROCHIRI;HUAROCHIRI
1507100001;150710;LIMA;HUAROCHIRI;LAHUAYTAMBO;LAHUAYTAMBO
1507110001;150711;LIMA;HUAROCHIRI;LANGA;LANGA
1507120001;150712;LIMA;HUAROCHIRI;LARAOS;LARAOS
1507130001;150713;LIMA;HUAROCHIRI;MARIATANA;MARIATANA
1507140001;150714;LIMA;HUAROCHIRI;RICARDO PALMA;RICARDO PALMA
1507150001;150715;LIMA;HUAROCHIRI;SAN ANDRES DE TUPICOCHA;SAN ANDRES DE TUPICOCHA
1507170001;150717;LIMA;HUAROCHIRI;SAN BARTOLOME;SAN BARTOLOME
1507180001;150718;LIMA;HUAROCHIRI;SAN DAMIAN;SAN DAMIAN
1507190001;150719;LIMA;HUAROCHIRI;SAN JUAN DE IRIS;SAN JUAN DE IRIS
1507200001;150720;LIMA;HUAROCHIRI;SAN JUAN DE TANTARANCHE;SAN JUAN DE TANTARANCHE
1507210001;150721;LIMA;HUAROCHIRI;SAN LORENZO DE QUINTI;SAN LORENZO DE QUINTI
1507220001;150722;LIMA;HUAROCHIRI;SAN MATEO;SAN MATEO
1507230001;150723;LIMA;HUAROCHIRI;SAN MATEO DE OTAO;SAN JUAN DE LANCA
1507240001;150724;LIMA;HUAROCHIRI;SAN PEDRO DE CASTA;SAN PEDRO DE CASTA
1507250001;150725;LIMA;HUAROCHIRI;SAN PEDRO DE HUANCAYRE;SAN PEDRO
1507260001;150726;LIMA;HUAROCHIRI;SANGALLAYA;SANGALLAYA
1507270001;150727;LIMA;HUAROCHIRI;SANTA CRUZ DE COCACHACRA;COCACHACRA
1507280001;150728;LIMA;HUAROCHIRI;SANTA EULALIA;SANTA EULALIA
1507290001;150729;LIMA;HUAROCHIRI;SANTIAGO DE ANCHUCAYA;SANTIAGO DE ANCHUCAYA
1507300001;150730;LIMA;HUAROCHIRI;SANTIAGO DE TUNA;SANTIAGO DE TUNA
1507310001;150731;LIMA;HUAROCHIRI;SANTO DOMINGO DE LOS OLLEROS;SANTO DOMINGO DE LOS OLLEROS
1507310022;150731;LIMA;HUAROCHIRI;SANTO DOMINGO DE LOS OLLEROSI;CUCULI CHICO
1507320001;150732;LIMA;HUAROCHIRI;SURCO;SURCO
1508010001;150801;LIMA;HUAURA;HUACHO;HUACHO
1508020001;150802;LIMA;HUAURA;AMBAR;AMBAR
1508030001;150803;LIMA;HUAURA;CALETA DE CARQUIN;CALETA DE CARQUIN
1508040001;150804;LIMA;HUAURA;CHECRAS;MARAY
1508050001;150805;LIMA;HUAURA;HUALMAY;HUALMAY
1508060001;150806;LIMA;HUAURA;HUAURA;HUAURA
1508080001;150808;LIMA;HUAURA;PACCHO;PACCHO
1508090001;150809;LIMA;HUAURA;SANTA LEONOR;JUCUL
1508100001;150810;LIMA;HUAURA;SANTA MARIA;CRUZ BLANCA
1508110001;150811;LIMA;HUAURA;SAYAN;SAYAN
1508120001;150812;LIMA;HUAURA;VEGUETA;VEGUETA
1509010001;150901;LIMA;OYON;OYON;OYON
1509020001;150902;LIMA;OYON;ANDAJES;ANDAJES
1509030001;150903;LIMA;OYON;CAUJUL;CAUJUL
1509040001;150904;LIMA;OYON;COCHAMARCA;COCHAMARCA
1509050001;150905;LIMA;OYON;NAVAN;NAVAN
1509060001;150906;LIMA;OYON;PACHANGARA;CHURIN
1510020001;151002;LIMA;YAUYOS;ALIS;ALIS
1510030001;151003;LIMA;YAUYOS;ALLAUCA;ALLAUCA
1510040001;151004;LIMA;YAUYOS;AYAVIRI;AYAVIRI
1510050001;151005;LIMA;YAUYOS;AZANGARO;AZANGARO
1510060001;151006;LIMA;YAUYOS;CACRA;CACRA
1510070001;151007;LIMA;YAUYOS;CARANIA;CARANIA
1510080001;151008;LIMA;YAUYOS;CATAHUASI;CATAHUASI
1510090001;151009;LIMA;YAUYOS;CHOCOS;CHOCOS
1510110001;151011;LIMA;YAUYOS;COLONIA;COLONIA
1510120001;151012;LIMA;YAUYOS;HONGOS;HONGOS
1510130001;151013;LIMA;YAUYOS;HUAMPARA;HUAMPARA
1510140001;151014;LIMA;YAUYOS;HUANCAYA;HUANCAYA
1510150001;151015;LIMA;YAUYOS;HUANGASCAR;HUANGASCAR
1510160001;151016;LIMA;YAUYOS;HUANTAN;HUANTAN
1510170001;151017;LIMA;YAUYOS;HUAÑEC;HUAÑEC
1510190001;151019;LIMA;YAUYOS;LINCHA;LINCHA
1510200001;151020;LIMA;YAUYOS;MADEAN;MADEAN
1510220001;151022;LIMA;YAUYOS;OMAS;OMAS
1510230001;151023;LIMA;YAUYOS;PUTINZA;SAN LORENZO DE PUTINZA
1510240001;151024;LIMA;YAUYOS;QUINCHES;QUINCHES
1510250001;151025;LIMA;YAUYOS;QUINOCAY;QUINOCAY
1510260001;151026;LIMA;YAUYOS;SAN JOAQUIN;SAN JOAQUIN
1510270001;151027;LIMA;YAUYOS;SAN PEDRO DE PILAS;SAN PEDRO DE PILAS
1510280001;151028;LIMA;YAUYOS;TANTA;TANTA
1510290001;151029;LIMA;YAUYOS;TAURIPAMPA;TAURIPAMPA
1510300001;151030;LIMA;YAUYOS;TOMAS;TOMAS
1510310001;151031;LIMA;YAUYOS;TUPE;TUPE
1510320001;151032;LIMA;YAUYOS;VIÑAC;VIÑAC
1510330001;151033;LIMA;YAUYOS;VITIS;VITIS
1601010001;160101;LORETO;MAYNAS;IQUITOS;IQUITOS
1601020001;160102;LORETO;MAYNAS;ALTO NANAY;SANTA MARIA DE NANAY
1601030001;160103;LORETO;MAYNAS;FERNANDO LORES;TAMSHIYACU
1601040001;160104;LORETO;MAYNAS;INDIANA;INDIANA
1601050001;160105;LORETO;MAYNAS;LAS AMAZONAS;FRANCISCO DE ORELLANA
1601060001;160106;LORETO;MAYNAS;MAZAN;MAZAN
1601070001;160107;LORETO;MAYNAS;NAPO;SANTA CLOTILDE
1601080001;160108;LORETO;MAYNAS;PUNCHANA;PUNCHANA
1601100001;160110;LORETO;MAYNAS;TORRES CAUSANA;PANTOJA
1602010001;160201;LORETO;ALTO AMAZONAS;YURIMAGUAS;YURIMAGUAS
1602020001;160202;LORETO;ALTO AMAZONAS;BALSAPUERTO;BALSAPUERTO
1602050001;160205;LORETO;ALTO AMAZONAS;JEBEROS;JEBEROS
1602110001;160211;LORETO;ALTO AMAZONAS;TENIENTE CESAR LOPEZ ROJAS;SHUCUSHUYACU
1603010001;160301;LORETO;LORETO;NAUTA;NAUTA
1603020001;160302;LORETO;LORETO;PARINARI;PARINARI
1603030001;160303;LORETO;LORETO;TIGRE;INTUTU
1603040001;160304;LORETO;LORETO;TROMPETEROS;VILLA TROMPETEROS
1603050001;160305;LORETO;LORETO;URARINAS;CONCORDIA
1604010001;160401;LORETO;MARISCAL RAMON CASTILLA;RAMON CASTILLA;CABALLOCOCHA
1604020001;160402;LORETO;MARISCAL RAMON CASTILLA;PEBAS;PEBAS
1604030001;160403;LORETO;MARISCAL RAMON CASTILLA;YAVARI;ISLANDIA
1605010001;160501;LORETO;REQUENA;REQUENA;REQUENA
1605020001;160502;LORETO;REQUENA;ALTO TAPICHE;SANTA ELENA
1605030001;160503;LORETO;REQUENA;CAPELO;FLOR DE PUNGA
1605040001;160504;LORETO;REQUENA;EMILIO SAN MARTIN;TAMANCO
1605050001;160505;LORETO;REQUENA;MAQUIA;SANTA ISABEL
1605060001;160506;LORETO;REQUENA;PUINAHUA;BRETAÑA
1605070001;160507;LORETO;REQUENA;SAQUENA;BAGAZAN
1605080001;160508;LORETO;REQUENA;SOPLIN;NUEVA ALEJANDRIA (CURINGA)
1605090001;160509;LORETO;REQUENA;TAPICHE;IBERIA
1605100001;160510;LORETO;REQUENA;JENARO HERRERA;JENARO HERRERA
1605110001;160511;LORETO;REQUENA;YAQUERANA;ANGAMOS
1606010001;160601;LORETO;UCAYALI;CONTAMANA;CONTAMANA
1606020001;160602;LORETO;UCAYALI;INAHUAYA;INAHUAYA
1606030001;160603;LORETO;UCAYALI;PADRE MARQUEZ;TIRUNTAN
1606050001;160605;LORETO;UCAYALI;SARAYACU;DOS DE MAYO
1606060001;160606;LORETO;UCAYALI;VARGAS GUERRA;ORELLANA
1607020001;160702;LORETO;DATEM DEL MARAÑON;CAHUAPANAS;SANTA MARIA DE CAHUAPANAS
1607030001;160703;LORETO;DATEM DEL MARAÑON;MANSERICHE;SARAMIRIZA
1607040001;160704;LORETO;DATEM DEL MARAÑON;MORONA;PUERTO ALEGRIA
1607050001;160705;LORETO;DATEM DEL MARAÑON;PASTAZA;ULLPAYACU
1607060001;160706;LORETO;DATEM DEL MARAÑON;ANDOAS;ALIANZA CRISTIANA
1608010001;160801;LORETO;PUTUMAYO;PUTUMAYO;SAN ANTONIO DEL ESTRECHO
1608020001;160802;LORETO;PUTUMAYO;ROSA PANDURO;SANTA MERCEDES
1608030001;160803;LORETO;PUTUMAYO;TENIENTE MANUEL CLAVERO;SOPLIN VARGAS
1608040001;160804;LORETO;PUTUMAYO;YAGUAS;REMANSO
1701010001;170101;MADRE DE DIOS;TAMBOPATA;TAMBOPATA;PUERTO MALDONADO
1701020001;170102;MADRE DE DIOS;TAMBOPATA;INAMBARI;MAZUKO
1701030001;170103;MADRE DE DIOS;TAMBOPATA;LAS PIEDRAS;LAS PIEDRAS (PLANCHON)
1701040001;170104;MADRE DE DIOS;TAMBOPATA;LABERINTO;PUERTO ROSARIO DE LABERINTO
1702010001;170201;MADRE DE DIOS;MANU;MANU;SALVACION
1702020001;170202;MADRE DE DIOS;MANU;FITZCARRALD;BOCA MANU
1702030001;170203;MADRE DE DIOS;MANU;MADRE DE DIOS;BOCA COLORADO
1702040001;170204;MADRE DE DIOS;MANU;HUEPETUHE;HUEPETUHE
1703010001;170301;MADRE DE DIOS;TAHUAMANU;IÑAPARI;IÑAPARI
1703020001;170302;MADRE DE DIOS;TAHUAMANU;IBERIA;IBERIA
1703030001;170303;MADRE DE DIOS;TAHUAMANU;TAHUAMANU;SAN LORENZO
1801010001;180101;MOQUEGUA;MARISCAL NIETO;MOQUEGUA;MOQUEGUA
1801020001;180102;MOQUEGUA;MARISCAL NIETO;CARUMAS;CARUMAS
1801030001;180103;MOQUEGUA;MARISCAL NIETO;CUCHUMBAYA;CUCHUMBAYA
1801040001;180104;MOQUEGUA;MARISCAL NIETO;SAMEGUA;SAMEGUA
1801060001;180106;MOQUEGUA;MARISCAL NIETO;TORATA;TORATA
1802010001;180201;MOQUEGUA;GENERAL SANCHEZ CERRO;OMATE;OMATE
1802020001;180202;MOQUEGUA;GENERAL SANCHEZ CERRO;CHOJATA;CHOJATA
1802030001;180203;MOQUEGUA;GENERAL SANCHEZ CERRO;COALAQUE;COALAQUE
1802040001;180204;MOQUEGUA;GENERAL SANCHEZ CERRO;ICHUÑA;ICHUÑA
1802050001;180205;MOQUEGUA;GENERAL SANCHEZ CERRO;LA CAPILLA;LA CAPILLA
1802060001;180206;MOQUEGUA;GENERAL SANCHEZ CERRO;LLOQUE;LLOQUE
1802070001;180207;MOQUEGUA;GENERAL SANCHEZ CERRO;MATALAQUE;MATALAQUE
1802080001;180208;MOQUEGUA;GENERAL SANCHEZ CERRO;PUQUINA;PUQUINA
1802090001;180209;MOQUEGUA;GENERAL SANCHEZ CERRO;QUINISTAQUILLAS;QUINISTAQUILLAS
1802100001;180210;MOQUEGUA;GENERAL SANCHEZ CERRO;UBINAS;UBINAS
1802110001;180211;MOQUEGUA;GENERAL SANCHEZ CERRO;YUNGA;YUNGA
1803010001;180301;MOQUEGUA;ILO;ILO;ILO
1803020001;180302;MOQUEGUA;ILO;EL ALGARROBAL;EL ALGARROBAL
1803030001;180303;MOQUEGUA;ILO;PACOCHA;PUEBLO NUEVO
1901010001;190101;PASCO;PASCO;CHAUPIMARCA;CERRO DE PASCO
1901020001;190102;PASCO;PASCO;HUACHON;HUACHON
1901030001;190103;PASCO;PASCO;HUARIACA;HUARIACA
1901040001;190104;PASCO;PASCO;HUAYLLAY;HUAYLLAY
1901050001;190105;PASCO;PASCO;NINACACA;NINACACA
1901060001;190106;PASCO;PASCO;PALLANCHACRA;PALLANCHACRA
1901080001;190108;PASCO;PASCO;SAN FRANCISCO DE ASIS DE YARUSYACAN;YARUSYACAN
1901090001;190109;PASCO;PASCO;SIMON BOLIVAR;SAN ANTONIO DE RANCAS
1901100001;190110;PASCO;PASCO;TICLACAYAN;TICLACAYAN
1901110001;190111;PASCO;PASCO;TINYAHUARCO;TINYAHUARCO (SMELTER)
1901120001;190112;PASCO;PASCO;VICCO;VICCO
1902010001;190201;PASCO;DANIEL ALCIDES CARRION;YANAHUANCA;YANAHUANCA
1902020001;190202;PASCO;DANIEL ALCIDES CARRION;CHACAYAN;CHACAYAN
1902030001;190203;PASCO;DANIEL ALCIDES CARRION;GOYLLARISQUIZGA;GOYLLARISQUIZGA
1902040001;190204;PASCO;DANIEL ALCIDES CARRION;PAUCAR;PAUCAR
1902050001;190205;PASCO;DANIEL ALCIDES CARRION;SAN PEDRO DE PILLAO;SAN PEDRO DE PILLAO
1902060001;190206;PASCO;DANIEL ALCIDES CARRION;SANTA ANA DE TUSI;SANTA ANA DE TUSI
1902070001;190207;PASCO;DANIEL ALCIDES CARRION;TAPUC;TAPUC
1903010001;190301;PASCO;OXAPAMPA;OXAPAMPA;OXAPAMPA
1903020001;190302;PASCO;OXAPAMPA;CHONTABAMBA;CHONTABAMBA
1903030001;190303;PASCO;OXAPAMPA;HUANCABAMBA;HUANCABAMBA
1903040001;190304;PASCO;OXAPAMPA;PALCAZU;ISCOZACIN
1903050001;190305;PASCO;OXAPAMPA;POZUZO;POZUZO
1903060001;190306;PASCO;OXAPAMPA;PUERTO BERMUDEZ;PUERTO BERMUDEZ
1903070001;190307;PASCO;OXAPAMPA;VILLA RICA;VILLA RICA
1903080001;190308;PASCO;OXAPAMPA;CONSTITUCION;CONSTITUCIÓN
2001010001;200101;PIURA;PIURA;PIURA;PIURA
2001040001;200104;PIURA;PIURA;CASTILLA;CASTILLA
2001050001;200105;PIURA;PIURA;CATACAOS;CATACAOS
2001070001;200107;PIURA;PIURA;CURA MORI;CUCUNGARA
2001080001;200108;PIURA;PIURA;EL TALLAN;SINCHAO
2001090001;200109;PIURA;PIURA;LA ARENA;LA ARENA
2001110001;200111;PIURA;PIURA;LAS LOMAS;LAS LOMAS
2001140001;200114;PIURA;PIURA;TAMBO GRANDE;TAMBO GRANDE
2001150001;200115;PIURA;PIURA;VEINTISEIS DE OCTUBRE;SAN MARTIN
2002010001;200201;PIURA;AYABACA;AYABACA;AYABACA
2002020001;200202;PIURA;AYABACA;FRIAS;FRIAS
2002030001;200203;PIURA;AYABACA;JILILI;JILILI
2002050001;200205;PIURA;AYABACA;MONTERO;MONTERO
2002060001;200206;PIURA;AYABACA;PACAIPAMPA;PACAIPAMPA
2002070001;200207;PIURA;AYABACA;PAIMAS;PAIMAS
2002080001;200208;PIURA;AYABACA;SAPILLICA;SAPILLICA
2002090001;200209;PIURA;AYABACA;SICCHEZ;SICCHEZ
2002100001;200210;PIURA;AYABACA;SUYO;SUYO
2003020001;200302;PIURA;HUANCABAMBA;CANCHAQUE;CANCHAQUE
2003030001;200303;PIURA;HUANCABAMBA;EL CARMEN DE LA FRONTERA;SAPALACHE
2003040001;200304;PIURA;HUANCABAMBA;HUARMACA;HUARMACA
2003050001;200305;PIURA;HUANCABAMBA;LALAQUIZ;TUNAL
2003060001;200306;PIURA;HUANCABAMBA;SAN MIGUEL DE EL FAIQUE;SAN MIGUEL DE EL FAIQUE
2003070001;200307;PIURA;HUANCABAMBA;SONDOR;SONDOR
2003080001;200308;PIURA;HUANCABAMBA;SONDORILLO;SONDORILLO
2004010001;200401;PIURA;MORROPON;CHULUCANAS;CHULUCANAS
2004020001;200402;PIURA;MORROPON;BUENOS AIRES;BUENOS AIRES
2004030001;200403;PIURA;MORROPON;CHALACO;CHALACO
2004040001;200404;PIURA;MORROPON;LA MATANZA;LA MATANZA
2004050001;200405;PIURA;MORROPON;MORROPON;MORROPON
2004060001;200406;PIURA;MORROPON;SALITRAL;SALITRAL
2004070001;200407;PIURA;MORROPON;SAN JUAN DE BIGOTE;BIGOTE
2004080001;200408;PIURA;MORROPON;SANTA CATALINA DE MOSSA;PALTASHACO
2004090001;200409;PIURA;MORROPON;SANTO DOMINGO;SANTO DOMINGO
2004100001;200410;PIURA;MORROPON;YAMANGO;YAMANGO
2005010001;200501;PIURA;PAITA;PAITA;PAITA
2005020001;200502;PIURA;PAITA;AMOTAPE;AMOTAPE
2005030001;200503;PIURA;PAITA;ARENAL;ARENAL
2005040001;200504;PIURA;PAITA;COLAN;SAN LUCAS (PUEBLO NUEVO DE COLAN)
2005050001;200505;PIURA;PAITA;LA HUACA;LA HUACA
2005060001;200506;PIURA;PAITA;TAMARINDO;TAMARINDO
2005070001;200507;PIURA;PAITA;VICHAYAL;SAN FELIPE DE VICHAYAL
2006010001;200601;PIURA;SULLANA;SULLANA;SULLANA
2006030001;200603;PIURA;SULLANA;IGNACIO ESCUDERO;SAN JACINTO
2006040001;200604;PIURA;SULLANA;LANCONES;LANCONES
2006050001;200605;PIURA;SULLANA;MARCAVELICA;MARCAVELICA
2006060001;200606;PIURA;SULLANA;MIGUEL CHECA;SOJO
2006070001;200607;PIURA;SULLANA;QUERECOTILLO;QUERECOTILLO
2007010001;200701;PIURA;TALARA;PARIÑAS;TALARA
2007020001;200702;PIURA;TALARA;EL ALTO;EL ALTO
2007030001;200703;PIURA;TALARA;LA BREA;NEGRITOS
2007040001;200704;PIURA;TALARA;LOBITOS;LOBITOS
2007050001;200705;PIURA;TALARA;LOS ORGANOS;LOS ORGANOS
2007060001;200706;PIURA;TALARA;MANCORA;MANCORA
2008010001;200801;PIURA;SECHURA;SECHURA;SECHURA
2008020001;200802;PIURA;SECHURA;BELLAVISTA DE LA UNION;BELLAVISTA
2008030001;200803;PIURA;SECHURA;BERNAL;BERNAL
2008040001;200804;PIURA;SECHURA;CRISTO NOS VALGA;SAN CRISTO
2008050001;200805;PIURA;SECHURA;VICE;VICE
2008060001;200806;PIURA;SECHURA;RINCONADA LLICUAR;DOS PUEBLOS
2101010001;210101;PUNO;PUNO;PUNO;PUNO
2101020001;210102;PUNO;PUNO;ACORA;ACORA
2101030001;210103;PUNO;PUNO;AMANTANI;AMANTANI
2101040001;210104;PUNO;PUNO;ATUNCOLLA;ATUNCOLLA
2101050001;210105;PUNO;PUNO;CAPACHICA;CAPACHICA
2101060001;210106;PUNO;PUNO;CHUCUITO;CHUCUITO
2101070001;210107;PUNO;PUNO;COATA;COATA
2101090001;210109;PUNO;PUNO;MAÑAZO;MAÑAZO
2101100001;210110;PUNO;PUNO;PAUCARCOLLA;PAUCARCOLLA
2101110001;210111;PUNO;PUNO;PICHACANI;LARAQUERI
2101120001;210112;PUNO;PUNO;PLATERIA;PLATERIA
2101140001;210114;PUNO;PUNO;TIQUILLACA;TIQUILLACA
2101150001;210115;PUNO;PUNO;VILQUE;VILQUE
2102020001;210202;PUNO;AZANGARO;ACHAYA;ACHAYA
2102030001;210203;PUNO;AZANGARO;ARAPA;ARAPA
2102040001;210204;PUNO;AZANGARO;ASILLO;ASILLO
2102050001;210205;PUNO;AZANGARO;CAMINACA;CAMINACA
2102060001;210206;PUNO;AZANGARO;CHUPA;CHUPA
2102070001;210207;PUNO;AZANGARO;JOSE DOMINGO CHOQUEHUANCA;ESTACION DE PUCARA
2102080001;210208;PUNO;AZANGARO;MUÑANI;MUÑANI
2102090001;210209;PUNO;AZANGARO;POTONI;POTONI
2102100001;210210;PUNO;AZANGARO;SAMAN;SAMAN
2102110001;210211;PUNO;AZANGARO;SAN ANTON;SAN ANTON
2102130001;210213;PUNO;AZANGARO;SAN JUAN DE SALINAS;SAN JUAN DE SALINAS
2102140001;210214;PUNO;AZANGARO;SANTIAGO DE PUPUJA;SANTIAGO DE PUPUJA
2102150001;210215;PUNO;AZANGARO;TIRAPATA;TIRAPATA
2103010001;210301;PUNO;CARABAYA;MACUSANI;MACUSANI
2103020001;210302;PUNO;CARABAYA;AJOYANI;AJOYANI
2103030001;210303;PUNO;CARABAYA;AYAPATA;AYAPATA
2103040001;210304;PUNO;CARABAYA;COASA;COASA
2103050001;210305;PUNO;CARABAYA;CORANI;CORANI
2103060001;210306;PUNO;CARABAYA;CRUCERO;CRUCERO
2103070001;210307;PUNO;CARABAYA;ITUATA;TAMBILLO
2103080001;210308;PUNO;CARABAYA;OLLACHEA;OLLACHEA
2103090001;210309;PUNO;CARABAYA;SAN GABAN;LANLACUNI BAJO
2103100001;210310;PUNO;CARABAYA;USICAYOS;USICAYOS
2104010001;210401;PUNO;CHUCUITO;JULI;JULI
2104020001;210402;PUNO;CHUCUITO;DESAGUADERO;DESAGUADERO
2104030001;210403;PUNO;CHUCUITO;HUACULLANI;HUACULLANI
2104040001;210404;PUNO;CHUCUITO;KELLUYO;KELLUYO
2104050001;210405;PUNO;CHUCUITO;PISACOMA;PISACOMA
2104060001;210406;PUNO;CHUCUITO;POMATA;POMATA
2104070001;210407;PUNO;CHUCUITO;ZEPITA;ZEPITA
2105010001;210501;PUNO;EL COLLAO;ILAVE;ILAVE
2105020001;210502;PUNO;EL COLLAO;CAPAZO;CAPAZO
2105030001;210503;PUNO;EL COLLAO;PILCUYO;PILCUYO
2105050001;210505;PUNO;EL COLLAO;CONDURIRI;CONDURIRI
2106010001;210601;PUNO;HUANCANE;HUANCANE;HUANCANE
2106020001;210602;PUNO;HUANCANE;COJATA;COJATA
2106030001;210603;PUNO;HUANCANE;HUATASANI;HUATASANI
2106040001;210604;PUNO;HUANCANE;INCHUPALLA;INCHUPALLA
2106050001;210605;PUNO;HUANCANE;PUSI;PUSI
2106060001;210606;PUNO;HUANCANE;ROSASPATA;ROSASPATA
2106070001;210607;PUNO;HUANCANE;TARACO;TARACO
2106080001;210608;PUNO;HUANCANE;VILQUE CHICO;VILQUE CHICO
2107020001;210702;PUNO;LAMPA;CABANILLA;CABANILLA
2107030001;210703;PUNO;LAMPA;CALAPUJA;CALAPUJA
2107040001;210704;PUNO;LAMPA;NICASIO;NICASIO
2107050001;210705;PUNO;LAMPA;OCUVIRI;OCUVIRI
2107070001;210707;PUNO;LAMPA;PARATIA;PARATIA
2107100001;210710;PUNO;LAMPA;VILAVILA;VILAVILA
2108020001;210802;PUNO;MELGAR;ANTAUTA;ANTAUTA
2108030001;210803;PUNO;MELGAR;CUPI;CUPI
2108040001;210804;PUNO;MELGAR;LLALLI;LLALLI
2108050001;210805;PUNO;MELGAR;MACARI;MACARI
2108060001;210806;PUNO;MELGAR;NUÑOA;NUÑOA
2108070001;210807;PUNO;MELGAR;ORURILLO;ORURILLO
2108090001;210809;PUNO;MELGAR;UMACHIRI;UMACHIRI
2109010001;210901;PUNO;MOHO;MOHO;MOHO
2109020001;210902;PUNO;MOHO;CONIMA;CONIMA
2109030001;210903;PUNO;MOHO;HUAYRAPATA;HUAYRAPATA
2109040001;210904;PUNO;MOHO;TILALI;TILALI
2110010001;211001;PUNO;SAN ANTONIO DE PUTINA;PUTINA;PUTINA
2110020001;211002;PUNO;SAN ANTONIO DE PUTINA;ANANEA;ANANEA
2110030001;211003;PUNO;SAN ANTONIO DE PUTINA;PEDRO VILCA APAZA;AYRAMPUNI
2110040001;211004;PUNO;SAN ANTONIO DE PUTINA;QUILCAPUNCU;QUILCAPUNCU
2110050001;211005;PUNO;SAN ANTONIO DE PUTINA;SINA;SINA
2111010001;211101;PUNO;SAN ROMAN;JULIACA;JULIACA
2111030001;211103;PUNO;SAN ROMAN;CABANILLAS;DEUSTUA
2111040001;211104;PUNO;SAN ROMAN;CARACOTO;CARACOTO
2112010001;211201;PUNO;SANDIA;SANDIA;SANDIA
2112020001;211202;PUNO;SANDIA;CUYOCUYO;CUYOCUYO
2112030001;211203;PUNO;SANDIA;LIMBANI;LIMBANI
2112040001;211204;PUNO;SANDIA;PATAMBUCO;PATAMBUCO
2112050001;211205;PUNO;SANDIA;PHARA;PHARA
2112060001;211206;PUNO;SANDIA;QUIACA;QUIACA
2112070001;211207;PUNO;SANDIA;SAN JUAN DEL ORO;SAN JUAN DEL ORO
2112080001;211208;PUNO;SANDIA;YANAHUAYA;YANAHUAYA
2112090001;211209;PUNO;SANDIA;ALTO INAMBARI;MASSIAPO
2112100001;211210;PUNO;SANDIA;SAN PEDRO DE PUTINA PUNCO;PUTINA PUNCO
2113010001;211301;PUNO;YUNGUYO;YUNGUYO;YUNGUYO
2113020001;211302;PUNO;YUNGUYO;ANAPIA;ANAPIA
2113030001;211303;PUNO;YUNGUYO;COPANI;COPANI
2113040001;211304;PUNO;YUNGUYO;CUTURAPI;SAN JUAN DE CUTURAPI
2113050001;211305;PUNO;YUNGUYO;OLLARAYA;SAN MIGUEL DE OLLARAYA
2113060001;211306;PUNO;YUNGUYO;TINICACHI;TINICACHI
2113070001;211307;PUNO;YUNGUYO;UNICACHI;MARCAJA
2201010001;220101;SAN MARTIN;MOYOBAMBA;MOYOBAMBA;MOYOBAMBA
2201020001;220102;SAN MARTIN;MOYOBAMBA;CALZADA;CALZADA
2201030001;220103;SAN MARTIN;MOYOBAMBA;HABANA;HABANA
2201040001;220104;SAN MARTIN;MOYOBAMBA;JEPELACIO;JEPELACIO
2201050001;220105;SAN MARTIN;MOYOBAMBA;SORITOR;SORITOR
2201060001;220106;SAN MARTIN;MOYOBAMBA;YANTALO;YANTALO
2202020001;220202;SAN MARTIN;BELLAVISTA;ALTO BIAVO;CUZCO
2202030001;220203;SAN MARTIN;BELLAVISTA;BAJO BIAVO;NUEVO LIMA
2202040001;220204;SAN MARTIN;BELLAVISTA;HUALLAGA;LEDOY
2203010001;220301;SAN MARTIN;EL DORADO;SAN JOSE DE SISA;SAN JOSE DE SISA
2203020001;220302;SAN MARTIN;EL DORADO;AGUA BLANCA;AGUA BLANCA
2203030001;220303;SAN MARTIN;EL DORADO;SAN MARTIN;SAN MARTIN
2203050001;220305;SAN MARTIN;EL DORADO;SHATOJA;SHATOJA
2204010001;220401;SAN MARTIN;HUALLAGA;SAPOSOA;SAPOSOA
2204020001;220402;SAN MARTIN;HUALLAGA;ALTO SAPOSOA;PASARRAYA
2204030001;220403;SAN MARTIN;HUALLAGA;EL ESLABON;EL ESLABON
2204040001;220404;SAN MARTIN;HUALLAGA;PISCOYACU;PISCOYACU
2204050001;220405;SAN MARTIN;HUALLAGA;SACANCHE;SACANCHE
2204060001;220406;SAN MARTIN;HUALLAGA;TINGO DE SAPOSOA;TINGO DE SAPOSOA
2205010001;220501;SAN MARTIN;LAMAS;LAMAS;LAMAS
2205020001;220502;SAN MARTIN;LAMAS;ALONSO DE ALVARADO;ROQUE
2205030001;220503;SAN MARTIN;LAMAS;BARRANQUITA;BARRANQUITA
2205040001;220504;SAN MARTIN;LAMAS;CAYNARACHI;PONGO DE CAYNARACHI
2205050001;220505;SAN MARTIN;LAMAS;CUÑUMBUQUI;CUÑUMBUQUI
2205060001;220506;SAN MARTIN;LAMAS;PINTO RECODO;PINTO RECODO
2205070001;220507;SAN MARTIN;LAMAS;RUMISAPA;RUMISAPA
2205080001;220508;SAN MARTIN;LAMAS;SAN ROQUE DE CUMBAZA;SAN ROQUE DE CUMBAZA
2205090001;220509;SAN MARTIN;LAMAS;SHANAO;SHANAO
2205100001;220510;SAN MARTIN;LAMAS;TABALOSOS;TABALOSOS
2205110001;220511;SAN MARTIN;LAMAS;ZAPATERO;ZAPATERO
2206010001;220601;SAN MARTIN;MARISCAL CACERES;JUANJUI;JUANJUI
2206020001;220602;SAN MARTIN;MARISCAL CACERES;CAMPANILLA;CAMPANILLA
2206030001;220603;SAN MARTIN;MARISCAL CACERES;HUICUNGO;HUICUNGO
2206040001;220604;SAN MARTIN;MARISCAL CACERES;PACHIZA;PACHIZA
2206050001;220605;SAN MARTIN;MARISCAL CACERES;PAJARILLO;PAJARILLO
2207010001;220701;SAN MARTIN;PICOTA;PICOTA;PICOTA
2207030001;220703;SAN MARTIN;PICOTA;CASPISAPA;CASPISAPA
2207040001;220704;SAN MARTIN;PICOTA;PILLUANA;PILLUANA
2207050001;220705;SAN MARTIN;PICOTA;PUCACACA;PUCACACA
2207070001;220707;SAN MARTIN;PICOTA;SAN HILARION;SAN CRISTOBAL DE SISA
2207080001;220708;SAN MARTIN;PICOTA;SHAMBOYACU;SHAMBOYACU
2207090001;220709;SAN MARTIN;PICOTA;TINGO DE PONASA;TINGO DE PONASA
2207100001;220710;SAN MARTIN;PICOTA;TRES UNIDOS;TRES UNIDOS
2208010001;220801;SAN MARTIN;RIOJA;RIOJA;RIOJA
2208020001;220802;SAN MARTIN;RIOJA;AWAJUN;BAJO NARANJILLO
2208030001;220803;SAN MARTIN;RIOJA;ELIAS SOPLIN VARGAS;SEGUNDA JERUSALEN-AZUNGUILLO
2208040001;220804;SAN MARTIN;RIOJA;NUEVA CAJAMARCA;NUEVA CAJAMARCA
2208050001;220805;SAN MARTIN;RIOJA;PARDO MIGUEL;NARANJOS
2208060001;220806;SAN MARTIN;RIOJA;POSIC;POSIC
2208070001;220807;SAN MARTIN;RIOJA;SAN FERNANDO;SAN FERNANDO
2208080001;220808;SAN MARTIN;RIOJA;YORONGOS;YORONGOS
2208090001;220809;SAN MARTIN;RIOJA;YURACYACU;YURACYACU
2209010001;220901;SAN MARTIN;SAN MARTIN;TARAPOTO;TARAPOTO
2209020001;220902;SAN MARTIN;SAN MARTIN;ALBERTO LEVEAU;UTCURARCA
2209030001;220903;SAN MARTIN;SAN MARTIN;CACATACHI;CACATACHI
2209040001;220904;SAN MARTIN;SAN MARTIN;CHAZUTA;CHAZUTA
2209050001;220905;SAN MARTIN;SAN MARTIN;CHIPURANA;NAVARRO
2209070001;220907;SAN MARTIN;SAN MARTIN;HUIMBAYOC;HUIMBAYOC
2209080001;220908;SAN MARTIN;SAN MARTIN;JUAN GUERRA;JUAN GUERRA
2209090001;220909;SAN MARTIN;SAN MARTIN;LA BANDA DE SHILCAYO;LA BANDA
2209100001;220910;SAN MARTIN;SAN MARTIN;MORALES;MORALES
2209110001;220911;SAN MARTIN;SAN MARTIN;PAPAPLAYA;PAPAPLAYA
2209130001;220913;SAN MARTIN;SAN MARTIN;SAUCE;SAUCE
2209140001;220914;SAN MARTIN;SAN MARTIN;SHAPAJA;SHAPAJA
2210010001;221001;SAN MARTIN;TOCACHE;TOCACHE;TOCACHE
2210020001;221002;SAN MARTIN;TOCACHE;NUEVO PROGRESO;NUEVO PROGRESO
2210030001;221003;SAN MARTIN;TOCACHE;POLVORA;POLVORA
2210040001;221004;SAN MARTIN;TOCACHE;SHUNTE;MONTE CRISTO
2210050001;221005;SAN MARTIN;TOCACHE;UCHIZA;UCHIZA
2301010001;230101;TACNA;TACNA;TACNA;TACNA
2301020001;230102;TACNA;TACNA;ALTO DE LA ALIANZA;LA ESPERANZA
2301030001;230103;TACNA;TACNA;CALANA;CALANA
2301040001;230104;TACNA;TACNA;CIUDAD NUEVA;CIUDAD NUEVA
2301050001;230105;TACNA;TACNA;INCLAN;SAMA GRANDE
2301060001;230106;TACNA;TACNA;PACHIA;PACHIA
2301080001;230108;TACNA;TACNA;POCOLLAY;POCOLLAY
2301090001;230109;TACNA;TACNA;SAMA;LAS YARAS
2301100001;230110;TACNA;TACNA;CORONEL GREGORIO ALBARRACIN LANCHIPA;ALFONSO UGARTE
2301110001;230111;TACNA;TACNA;LA YARADA LOS PALOS;LOS PALOS
2302010001;230201;TACNA;CANDARAVE;CANDARAVE;CANDARAVE
2302020001;230202;TACNA;CANDARAVE;CAIRANI;CAIRANI
2302030001;230203;TACNA;CANDARAVE;CAMILACA;ALTO CAMILACA
2302040001;230204;TACNA;CANDARAVE;CURIBAYA;CURIBAYA
2302050001;230205;TACNA;CANDARAVE;HUANUARA;HUANUARA
2302060001;230206;TACNA;CANDARAVE;QUILAHUANI;QUILAHUANI
2303010001;230301;TACNA;JORGE BASADRE;LOCUMBA;LOCUMBA
2303020001;230302;TACNA;JORGE BASADRE;ILABAYA;ILABAYA
2303030001;230303;TACNA;JORGE BASADRE;ITE;ITE
2304010001;230401;TACNA;TARATA;TARATA;TARATA
2304020001;230402;TACNA;TARATA;HEROES ALBARRACIN;CHUCATAMANI
2304030001;230403;TACNA;TARATA;ESTIQUE;ESTIQUE
2304040001;230404;TACNA;TARATA;ESTIQUE-PAMPA;ESTIQUE-PAMPA
2304050001;230405;TACNA;TARATA;SITAJARA;SITAJARA
2304060001;230406;TACNA;TARATA;SUSAPAYA;SUSAPAYA
2304070001;230407;TACNA;TARATA;TARUCACHI;TARUCACHI
2304080001;230408;TACNA;TARATA;TICACO;TICACO
2401010001;240101;TUMBES;TUMBES;TUMBES;TUMBES
2401020001;240102;TUMBES;TUMBES;CORRALES;SAN PEDRO DE LOS INCAS
2401030001;240103;TUMBES;TUMBES;LA CRUZ;CALETA CRUZ
2401040001;240104;TUMBES;TUMBES;PAMPAS DE HOSPITAL;PAMPAS DE HOSPITAL
2401050001;240105;TUMBES;TUMBES;SAN JACINTO;SAN JACINTO
2401060001;240106;TUMBES;TUMBES;SAN JUAN DE LA VIRGEN;SAN JUAN DE LA VIRGEN
2402010001;240201;TUMBES;CONTRALMIRANTE VILLAR;ZORRITOS;ZORRITOS
2402020001;240202;TUMBES;CONTRALMIRANTE VILLAR;CASITAS;CAÑAVERAL
2402030001;240203;TUMBES;CONTRALMIRANTE VILLAR;CANOAS DE PUNTA SAL;CANCAS
2403010001;240301;TUMBES;ZARUMILLA;ZARUMILLA;ZARUMILLA
2403020001;240302;TUMBES;ZARUMILLA;AGUAS VERDES;AGUAS VERDES
2403030001;240303;TUMBES;ZARUMILLA;MATAPALO;MATAPALO
2403040001;240304;TUMBES;ZARUMILLA;PAPAYAL;PAPAYAL
2501010001;250101;UCAYALI;CORONEL PORTILLO;CALLERIA;PUCALLPA
2501020001;250102;UCAYALI;CORONEL PORTILLO;CAMPOVERDE;CAMPO VERDE
2501030001;250103;UCAYALI;CORONEL PORTILLO;IPARIA;IPARIA
2501040001;250104;UCAYALI;CORONEL PORTILLO;MASISEA;MASISEA
2501050001;250105;UCAYALI;CORONEL PORTILLO;YARINACOCHA;PUERTO CALLAO
2501060001;250106;UCAYALI;CORONEL PORTILLO;NUEVA REQUENA;NUEVA REQUENA
2501070001;250107;UCAYALI;CORONEL PORTILLO;MANANTAY;SAN FERNANDO
2502010001;250201;UCAYALI;ATALAYA;RAIMONDI;ATALAYA
2502020001;250202;UCAYALI;ATALAYA;SEPAHUA;SEPAHUA
2502030001;250203;UCAYALI;ATALAYA;TAHUANIA;BOLOGNESI
2502040001;250204;UCAYALI;ATALAYA;YURUA;BREU
2503010001;250301;UCAYALI;PADRE ABAD;PADRE ABAD;AGUAYTIA
2503020001;250302;UCAYALI;PADRE ABAD;IRAZOLA;SAN ALEJANDRO
2503030001;250303;UCAYALI;PADRE ABAD;CURIMANA;CURIMANA
2503040001;250304;UCAYALI;PADRE ABAD;NESHUYA;MONTE ALEGRE
2503050001;250305;UCAYALI;PADRE ABAD;ALEXANDER VON HUMBOLDT;ALEXANDER VON HUMBOLDT
2504010001;250401;UCAYALI;PURUS;PURUS;ESPERANZA
