codigo;departamento;provincia;distrito;descripcion
20100;2;1;0;Huaraz
10000;1;0;0;Amazonas
10100;1;1;0;Chachapoyas
10101;1;1;1;Chachapoyas
10102;1;1;2;Asuncion
10103;1;1;3;Balsas
10104;1;1;4;Cheto
10105;1;1;5;Chiliquin
10106;1;1;6;Chuquibamba
10107;1;1;7;Granada
10108;1;1;8;Huancas
10109;1;1;9;La Jalca
10110;1;1;10;Leimebamba
10111;1;1;11;Levanto
10112;1;1;12;Magdalena
10113;1;1;13;Mariscal Castilla
10114;1;1;14;Molinopampa
10115;1;1;15;Montevideo
10116;1;1;16;Olleros
10117;1;1;17;Quinjalca
10118;1;1;18;San Francisco De Daguas
10119;1;1;19;San Isidro De Maino
10120;1;1;20;Soloco
10121;1;1;21;Sonche
10200;1;2;0;Bagua
10201;1;2;1;La Peca
10202;1;2;2;Aramango
10203;1;2;3;Copallin
10204;1;2;4;El Parco
10205;1;2;5;Imaza
10300;1;3;0;Bongara
10301;1;3;1;Jumbilla
230107;23;1;7;Palca
10302;1;3;2;Chisquilla
10303;1;3;3;Churuja
10304;1;3;4;Corosha
10305;1;3;5;Cuispes
10306;1;3;6;Florida
10307;1;3;7;Jazan
10308;1;3;8;Recta
10309;1;3;9;San Carlos
10310;1;3;10;Shipasbamba
10311;1;3;11;Valera
10312;1;3;12;Yambrasbamba
10400;1;4;0;Condorcanqui
10401;1;4;1;Nieva
10402;1;4;2;El Cenepa
10403;1;4;3;Rio Santiago
10500;1;5;0;Luya
10501;1;5;1;Lamud
10502;1;5;2;Camporredondo
10503;1;5;3;Cocabamba
10504;1;5;4;Colcamar
10505;1;5;5;Conila
10506;1;5;6;Inguilpata
10507;1;5;7;Longuita
10508;1;5;8;Lonya Chico
10509;1;5;9;Luya
10510;1;5;10;Luya Viejo
10511;1;5;11;Maria
10512;1;5;12;Ocalli
10513;1;5;13;Ocumal
10514;1;5;14;Pisuquia
10515;1;5;15;Providencia
10516;1;5;16;San Cristobal
10517;1;5;17;San Francisco Del Yeso
10518;1;5;18;San Jeronimo
10519;1;5;19;San Juan De Lopecancha
10520;1;5;20;Santa Catalina
10521;1;5;21;Santo Tomas
10522;1;5;22;Tingo
10523;1;5;23;Trita
10600;1;6;0;Rodriguez De Mendoza
10601;1;6;1;San Nicolas
10602;1;6;2;Chirimoto
10603;1;6;3;Cochamal
10604;1;6;4;Huambo
10605;1;6;5;Limabamba
10606;1;6;6;Longar
10607;1;6;7;Mariscal Benavides
10608;1;6;8;Milpuc
10609;1;6;9;Omia
10610;1;6;10;Santa Rosa
10611;1;6;11;Totora
10612;1;6;12;Vista Alegre
10700;1;7;0;Utcubamba
10701;1;7;1;Bagua Grande
10702;1;7;2;Cajaruro
10703;1;7;3;Cumba
10704;1;7;4;El Milagro
10705;1;7;5;Jamalca
10706;1;7;6;Lonya Grande
10707;1;7;7;Yamon
20000;2;0;0;Ancash
20101;2;1;1;Huaraz
20102;2;1;2;Cochabamba
20103;2;1;3;Colcabamba
20104;2;1;4;Huanchay
20105;2;1;5;Independencia
20106;2;1;6;Jangas
20107;2;1;7;La Libertad
20108;2;1;8;Olleros
20109;2;1;9;Pampas
20110;2;1;10;Pariacoto
20111;2;1;11;Pira
20112;2;1;12;Tarica
20200;2;2;0;Aija
20201;2;2;1;Aija
20202;2;2;2;Coris
20203;2;2;3;Huacllan
20204;2;2;4;La Merced
20205;2;2;5;Succha
20300;2;3;0;Antonio Raymondi
20301;2;3;1;Llamellin
20302;2;3;2;Aczo
20303;2;3;3;Chaccho
20304;2;3;4;Chingas
20305;2;3;5;Mirgas
20306;2;3;6;San Juan De Rontoy
20400;2;4;0;Asuncion
20401;2;4;1;Chacas
20402;2;4;2;Acochaca
20500;2;5;0;Bolognesi
20501;2;5;1;Chiquian
20502;2;5;2;Abelardo Pardo Lezameta
20503;2;5;3;Antonio Raymondi
20504;2;5;4;Aquia
20505;2;5;5;Cajacay
20506;2;5;6;Canis
20507;2;5;7;Colquioc
20508;2;5;8;Huallanca
20509;2;5;9;Huasta
20510;2;5;10;Huayllacayan
20511;2;5;11;La Primavera
20512;2;5;12;Mangas
20513;2;5;13;Pacllon
20514;2;5;14;San Miguel De Corpanqui
20515;2;5;15;Ticllos
20600;2;6;0;Carhuaz
20601;2;6;1;Carhuaz
20602;2;6;2;Acopampa
20603;2;6;3;Amashca
20604;2;6;4;Anta
20605;2;6;5;Ataquero
20606;2;6;6;Marcara
20607;2;6;7;Pariahuanca
20608;2;6;8;San Miguel De Aco
20609;2;6;9;Shilla
20610;2;6;10;Tinco
20611;2;6;11;Yungar
20700;2;7;0;Carlos Fermin Fitzcarrald
20701;2;7;1;San Luis
20702;2;7;2;San Nicolas
20703;2;7;3;Yauya
20800;2;8;0;Casma
20801;2;8;1;Casma
20802;2;8;2;Buena Vista Alta
20803;2;8;3;Comandante Noel
20804;2;8;4;Yautan
20900;2;9;0;Corongo
20901;2;9;1;Corongo
20902;2;9;2;Aco
20903;2;9;3;Bambas
20904;2;9;4;Cusca
20905;2;9;5;La Pampa
20906;2;9;6;Yanac
20907;2;9;7;Yupan
21000;2;10;0;Huari
21001;2;10;1;Huari
21002;2;10;2;Anra
21003;2;10;3;Cajay
21004;2;10;4;Chavin De Huantar
21005;2;10;5;Huacachi
21006;2;10;6;Huacchis
21007;2;10;7;Huachis
21008;2;10;8;Huantar
21009;2;10;9;Masin
21010;2;10;10;Paucas
21011;2;10;11;Ponto
21012;2;10;12;Rahuapampa
21013;2;10;13;Rapayan
21014;2;10;14;San Marcos
21015;2;10;15;San Pedro De Chana
21016;2;10;16;Uco
21100;2;11;0;Huarmey
21101;2;11;1;Huarmey
21102;2;11;2;Cochapeti
21103;2;11;3;Culebras
21104;2;11;4;Huayan
21105;2;11;5;Malvas
21200;2;12;0;Huaylas
21201;2;12;1;Caraz
21202;2;12;2;Huallanca
21203;2;12;3;Huata
21204;2;12;4;Huaylas
21205;2;12;5;Mato
21206;2;12;6;Pamparomas
21207;2;12;7;Pueblo Libre
21208;2;12;8;Santa Cruz
21209;2;12;9;Santo Toribio
21210;2;12;10;Yuracmarca
21300;2;13;0;Mariscal Luzuriaga
21301;2;13;1;Piscobamba
21302;2;13;2;Casca
21303;2;13;3;Eleazar Guzman Barron
21304;2;13;4;Fidel Olivas Escudero
21305;2;13;5;Llama
21306;2;13;6;Llumpa
21307;2;13;7;Lucma
21308;2;13;8;Musga
21400;2;14;0;Ocros
21401;2;14;1;Ocros
21402;2;14;2;Acas
21403;2;14;3;Cajamarquilla
21404;2;14;4;Carhuapampa
21405;2;14;5;Cochas
21406;2;14;6;Congas
21407;2;14;7;Llipa
21408;2;14;8;San Cristobal De Rajan
21409;2;14;9;San Pedro
21410;2;14;10;Santiago De Chilcas
21500;2;15;0;Pallasca
21501;2;15;1;Cabana
21502;2;15;2;Bolognesi
21503;2;15;3;Conchucos
21504;2;15;4;Huacaschuque
21505;2;15;5;Huandoval
21506;2;15;6;Lacabamba
21507;2;15;7;Llapo
21508;2;15;8;Pallasca
21509;2;15;9;Pampas
21510;2;15;10;Santa Rosa
21511;2;15;11;Tauca
21600;2;16;0;Pomabamba
21601;2;16;1;Pomabamba
21602;2;16;2;Huayllan
21603;2;16;3;Parobamba
21604;2;16;4;Quinuabamba
21700;2;17;0;Recuay
21701;2;17;1;Recuay
21702;2;17;2;Catac
21703;2;17;3;Cotaparaco
21704;2;17;4;Huayllapampa
21705;2;17;5;Llacllin
21706;2;17;6;Marca
21707;2;17;7;Pampas Chico
21708;2;17;8;Pararin
21709;2;17;9;Tapacocha
21710;2;17;10;Ticapampa
21800;2;18;0;Santa
21801;2;18;1;Chimbote
21802;2;18;2;Caceres Del Peru
21803;2;18;3;Coishco
21804;2;18;4;Macate
21805;2;18;5;Moro
21806;2;18;6;NepeÃ±a
21807;2;18;7;Samanco
21808;2;18;8;Santa
21809;2;18;9;Nuevo Chimbote
21900;2;19;0;Sihuas
21901;2;19;1;Sihuas
21902;2;19;2;Acobamba
21903;2;19;3;Alfonso Ugarte
21904;2;19;4;Cashapampa
21905;2;19;5;Chingalpo
21906;2;19;6;Huayllabamba
21907;2;19;7;Quiches
21908;2;19;8;Ragash
21909;2;19;9;San Juan
21910;2;19;10;Sicsibamba
22000;2;20;0;Yungay
22001;2;20;1;Yungay
22002;2;20;2;Cascapara
22003;2;20;3;Mancos
22004;2;20;4;Matacoto
22005;2;20;5;Quillo
22006;2;20;6;Ranrahirca
22007;2;20;7;Shupluy
22008;2;20;8;Yanama
30000;3;0;0;Apurimac
30100;3;1;0;Abancay
30101;3;1;1;Abancay
30102;3;1;2;Chacoche
30103;3;1;3;Circa
30104;3;1;4;Curahuasi
30105;3;1;5;Huanipaca
30106;3;1;6;Lambrama
30107;3;1;7;Pichirhua
30108;3;1;8;San Pedro De Cachora
30109;3;1;9;Tamburco
30200;3;2;0;Andahuaylas
30201;3;2;1;Andahuaylas
30202;3;2;2;Andarapa
30203;3;2;3;Chiara
30204;3;2;4;Huancarama
30205;3;2;5;Huancaray
30206;3;2;6;Huayana
30207;3;2;7;Kishuara
30208;3;2;8;Pacobamba
30209;3;2;9;Pacucha
30210;3;2;10;Pampachiri
30211;3;2;11;Pomacocha
30212;3;2;12;San Antonio De Cachi
30213;3;2;13;San Jeronimo
30214;3;2;14;San Miguel De Chaccrampa
30215;3;2;15;Santa Maria De Chicmo
30216;3;2;16;Talavera
30217;3;2;17;Tumay Huaraca
30218;3;2;18;Turpo
30219;3;2;19;Kaquiabamba
30300;3;3;0;Antabamba
30301;3;3;1;Antabamba
30302;3;3;2;El Oro
30303;3;3;3;Huaquirca
30304;3;3;4;Juan Espinoza Medrano
30305;3;3;5;Oropesa
30306;3;3;6;Pachaconas
30307;3;3;7;Sabaino
30400;3;4;0;Aymaraes
30401;3;4;1;Chalhuanca
30402;3;4;2;Capaya
30403;3;4;3;Caraybamba
30404;3;4;4;Chapimarca
30405;3;4;5;Colcabamba
30406;3;4;6;Cotaruse
30407;3;4;7;Huayllo
30408;3;4;8;Justo Apu Sahuaraura
30409;3;4;9;Lucre
30410;3;4;10;Pocohuanca
30411;3;4;11;San Juan De ChacÃ±a
30412;3;4;12;SaÃ±ayca
30413;3;4;13;Soraya
30414;3;4;14;Tapairihua
30415;3;4;15;Tintay
30416;3;4;16;Toraya
30417;3;4;17;Yanaca
30500;3;5;0;Cotabambas
30501;3;5;1;Tambobamba
30502;3;5;2;Cotabambas
30503;3;5;3;Coyllurqui
30504;3;5;4;Haquira
30505;3;5;5;Mara
30506;3;5;6;Challhuahuacho
30600;3;6;0;Chincheros
30601;3;6;1;Chincheros
30602;3;6;2;Anco_Huallo
30603;3;6;3;Cocharcas
30604;3;6;4;Huaccana
30605;3;6;5;Ocobamba
30606;3;6;6;Ongoy
30607;3;6;7;Uranmarca
30608;3;6;8;Ranracancha
30700;3;7;0;Grau
30701;3;7;1;Chuquibambilla
30702;3;7;2;Curpahuasi
30703;3;7;3;Gamarra
30704;3;7;4;Huayllati
30705;3;7;5;Mamara
30706;3;7;6;Micaela Bastidas
30707;3;7;7;Pataypampa
30708;3;7;8;Progreso
30709;3;7;9;San Antonio
30710;3;7;10;Santa Rosa
30711;3;7;11;Turpay
30712;3;7;12;Vilcabamba
30713;3;7;13;Virundo
30714;3;7;14;Curasco
40000;4;0;0;Arequipa
40100;4;1;0;Arequipa
40101;4;1;1;Arequipa
40102;4;1;2;Alto Selva Alegre
40103;4;1;3;Cayma
40104;4;1;4;Cerro Colorado
40105;4;1;5;Characato
40106;4;1;6;Chiguata
40107;4;1;7;Jacobo Hunter
40108;4;1;8;La Joya
40109;4;1;9;Mariano Melgar
40110;4;1;10;Miraflores
40111;4;1;11;Mollebaya
40112;4;1;12;Paucarpata
40113;4;1;13;Pocsi
40114;4;1;14;Polobaya
40115;4;1;15;QuequeÃ±a
40116;4;1;16;Sabandia
40117;4;1;17;Sachaca
40118;4;1;18;San Juan De Siguas
40119;4;1;19;San Juan De Tarucani
40120;4;1;20;Santa Isabel De Siguas
40121;4;1;21;Santa Rita De Siguas
40122;4;1;22;Socabaya
40123;4;1;23;Tiabaya
40124;4;1;24;Uchumayo
40125;4;1;25;Vitor
40126;4;1;26;Yanahuara
40127;4;1;27;Yarabamba
40128;4;1;28;Yura
40129;4;1;29;Jose Luis Bustamante Y Rivero
40200;4;2;0;Camana
40201;4;2;1;Camana
40202;4;2;2;Jose Maria Quimper
40203;4;2;3;Mariano Nicolas Valcarcel
40204;4;2;4;Mariscal Caceres
40205;4;2;5;Nicolas De Pierola
40206;4;2;6;OcoÃ±a
40207;4;2;7;Quilca
40208;4;2;8;Samuel Pastor
40300;4;3;0;Caraveli
40301;4;3;1;Caraveli
40302;4;3;2;Acari
40303;4;3;3;Atico
40304;4;3;4;Atiquipa
40305;4;3;5;Bella Union
40306;4;3;6;Cahuacho
40307;4;3;7;Chala
40308;4;3;8;Chaparra
40309;4;3;9;Huanuhuanu
40310;4;3;10;Jaqui
40311;4;3;11;Lomas
40312;4;3;12;Quicacha
40313;4;3;13;Yauca
40400;4;4;0;Castilla
40401;4;4;1;Aplao
40402;4;4;2;Andagua
40403;4;4;3;Ayo
40404;4;4;4;Chachas
40405;4;4;5;Chilcaymarca
40406;4;4;6;Choco
40407;4;4;7;Huancarqui
40408;4;4;8;Machaguay
40409;4;4;9;Orcopampa
40410;4;4;10;Pampacolca
40411;4;4;11;Tipan
40412;4;4;12;UÃ±on
40413;4;4;13;Uraca
40414;4;4;14;Viraco
40500;4;5;0;Caylloma
40501;4;5;1;Chivay
40502;4;5;2;Achoma
40503;4;5;3;Cabanaconde
40504;4;5;4;Callalli
40505;4;5;5;Caylloma
40506;4;5;6;Coporaque
40507;4;5;7;Huambo
40508;4;5;8;Huanca
40509;4;5;9;Ichupampa
40510;4;5;10;Lari
40511;4;5;11;Lluta
40512;4;5;12;Maca
40513;4;5;13;Madrigal
40514;4;5;14;San Antonio De Chuca
40515;4;5;15;Sibayo
40516;4;5;16;Tapay
40517;4;5;17;Tisco
40518;4;5;18;Tuti
40519;4;5;19;Yanque
40520;4;5;20;Majes
40600;4;6;0;Condesuyos
40601;4;6;1;Chuquibamba
40602;4;6;2;Andaray
40603;4;6;3;Cayarani
40604;4;6;4;Chichas
40605;4;6;5;Iray
40606;4;6;6;Rio Grande
40607;4;6;7;Salamanca
40608;4;6;8;Yanaquihua
40700;4;7;0;Islay
40701;4;7;1;Mollendo
40702;4;7;2;Cocachacra
40703;4;7;3;Dean Valdivia
40704;4;7;4;Islay
40705;4;7;5;Mejia
40706;4;7;6;Punta De Bombon
40800;4;8;0;La Union
40801;4;8;1;Cotahuasi
40802;4;8;2;Alca
40803;4;8;3;Charcana
40804;4;8;4;Huaynacotas
40805;4;8;5;Pampamarca
40806;4;8;6;Puyca
40807;4;8;7;Quechualla
40808;4;8;8;Sayla
40809;4;8;9;Tauria
40810;4;8;10;Tomepampa
40811;4;8;11;Toro
50000;5;0;0;Ayacucho
50100;5;1;0;Huamanga
50101;5;1;1;Ayacucho
50102;5;1;2;Acocro
50103;5;1;3;Acos Vinchos
50104;5;1;4;Carmen Alto
50105;5;1;5;Chiara
50106;5;1;6;Ocros
50107;5;1;7;Pacaycasa
50108;5;1;8;Quinua
50109;5;1;9;San Jose De Ticllas
50110;5;1;10;San Juan Bautista
50111;5;1;11;Santiago De Pischa
50112;5;1;12;Socos
50113;5;1;13;Tambillo
50114;5;1;14;Vinchos
50115;5;1;15;Jesus Nazareno
50200;5;2;0;Cangallo
50201;5;2;1;Cangallo
50202;5;2;2;Chuschi
50203;5;2;3;Los Morochucos
50204;5;2;4;Maria Parado De Bellido
50205;5;2;5;Paras
50206;5;2;6;Totos
50300;5;3;0;Huanca Sancos
50301;5;3;1;Sancos
50302;5;3;2;Carapo
50303;5;3;3;Sacsamarca
50304;5;3;4;Santiago De Lucanamarca
50400;5;4;0;Huanta
50401;5;4;1;Huanta
50402;5;4;2;Ayahuanco
50403;5;4;3;Huamanguilla
50404;5;4;4;Iguain
50405;5;4;5;Luricocha
50406;5;4;6;Santillana
50407;5;4;7;Sivia
50408;5;4;8;Llochegua
50500;5;5;0;La Mar
50501;5;5;1;San Miguel
50502;5;5;2;Anco
50503;5;5;3;Ayna
50504;5;5;4;Chilcas
50505;5;5;5;Chungui
50506;5;5;6;Luis Carranza
50507;5;5;7;Santa Rosa
50508;5;5;8;Tambo
50600;5;6;0;Lucanas
50601;5;6;1;Puquio
50602;5;6;2;Aucara
50603;5;6;3;Cabana
50604;5;6;4;Carmen Salcedo
50605;5;6;5;ChaviÃ±a
50606;5;6;6;Chipao
50607;5;6;7;Huac-Huas
50608;5;6;8;Laramate
50609;5;6;9;Leoncio Prado
50610;5;6;10;Llauta
50611;5;6;11;Lucanas
50612;5;6;12;OcaÃ±a
50613;5;6;13;Otoca
50614;5;6;14;Saisa
50615;5;6;15;San Cristobal
50616;5;6;16;San Juan
50617;5;6;17;San Pedro
50618;5;6;18;San Pedro De Palco
50619;5;6;19;Sancos
50620;5;6;20;Santa Ana De Huaycahuacho
50621;5;6;21;Santa Lucia
50700;5;7;0;Parinacochas
50701;5;7;1;Coracora
50702;5;7;2;Chumpi
50703;5;7;3;Coronel CastaÃ±eda
50704;5;7;4;Pacapausa
50705;5;7;5;Pullo
50706;5;7;6;Puyusca
50707;5;7;7;San Francisco De Ravacayco
50708;5;7;8;Upahuacho
50800;5;8;0;Paucar Del Sara Sara
50801;5;8;1;Pausa
50802;5;8;2;Colta
50803;5;8;3;Corculla
50804;5;8;4;Lampa
50805;5;8;5;Marcabamba
50806;5;8;6;Oyolo
50807;5;8;7;Pararca
50808;5;8;8;San Javier De Alpabamba
50809;5;8;9;San Jose De Ushua
50810;5;8;10;Sara Sara
50900;5;9;0;Sucre
50901;5;9;1;Querobamba
50902;5;9;2;Belen
50903;5;9;3;Chalcos
50904;5;9;4;Chilcayoc
50905;5;9;5;HuacaÃ±a
50906;5;9;6;Morcolla
50907;5;9;7;Paico
50908;5;9;8;San Pedro De Larcay
50909;5;9;9;San Salvador De Quije
50910;5;9;10;Santiago De Paucaray
50911;5;9;11;Soras
51000;5;10;0;Victor Fajardo
51001;5;10;1;Huancapi
51002;5;10;2;Alcamenca
51003;5;10;3;Apongo
51004;5;10;4;Asquipata
51005;5;10;5;Canaria
51006;5;10;6;Cayara
51007;5;10;7;Colca
51008;5;10;8;Huamanquiquia
51009;5;10;9;Huancaraylla
51010;5;10;10;Huaya
51011;5;10;11;Sarhua
51012;5;10;12;Vilcanchos
51100;5;11;0;Vilcas Huaman
51101;5;11;1;Vilcas Huaman
51102;5;11;2;Accomarca
51103;5;11;3;Carhuanca
51104;5;11;4;Concepcion
51105;5;11;5;Huambalpa
51106;5;11;6;Independencia
51107;5;11;7;Saurama
51108;5;11;8;Vischongo
60000;6;0;0;Cajamarca
60100;6;1;0;Cajamarca
60101;6;1;1;Cajamarca
60102;6;1;2;Asuncion
60103;6;1;3;Chetilla
60104;6;1;4;Cospan
60105;6;1;5;EncaÃ±ada
60106;6;1;6;Jesus
60107;6;1;7;Llacanora
60108;6;1;8;Los BaÃ±os Del Inca
60109;6;1;9;Magdalena
60110;6;1;10;Matara
60111;6;1;11;Namora
60112;6;1;12;San Juan
60200;6;2;0;Cajabamba
60201;6;2;1;Cajabamba
60202;6;2;2;Cachachi
60203;6;2;3;Condebamba
60204;6;2;4;Sitacocha
60300;6;3;0;Celendin
60301;6;3;1;Celendin
60302;6;3;2;Chumuch
60303;6;3;3;Cortegana
60304;6;3;4;Huasmin
60305;6;3;5;Jorge Chavez
60306;6;3;6;Jose Galvez
60307;6;3;7;Miguel Iglesias
60308;6;3;8;Oxamarca
60309;6;3;9;Sorochuco
60310;6;3;10;Sucre
60311;6;3;11;Utco
60312;6;3;12;La Libertad De Pallan
60400;6;4;0;Chota
60401;6;4;1;Chota
60402;6;4;2;Anguia
60403;6;4;3;Chadin
60404;6;4;4;Chiguirip
60405;6;4;5;Chimban
60406;6;4;6;Choropampa
60407;6;4;7;Cochabamba
60408;6;4;8;Conchan
60409;6;4;9;Huambos
60410;6;4;10;Lajas
60411;6;4;11;Llama
60412;6;4;12;Miracosta
60413;6;4;13;Paccha
60414;6;4;14;Pion
60415;6;4;15;Querocoto
60416;6;4;16;San Juan De Licupis
60417;6;4;17;Tacabamba
60418;6;4;18;Tocmoche
60419;6;4;19;Chalamarca
60500;6;5;0;Contumaza
60501;6;5;1;Contumaza
60502;6;5;2;Chilete
60503;6;5;3;Cupisnique
60504;6;5;4;Guzmango
60505;6;5;5;San Benito
60506;6;5;6;Santa Cruz De Toled
60507;6;5;7;Tantarica
60508;6;5;8;Yonan
60600;6;6;0;Cutervo
60601;6;6;1;Cutervo
60602;6;6;2;Callayuc
60603;6;6;3;Choros
60604;6;6;4;Cujillo
60605;6;6;5;La Ramada
60606;6;6;6;Pimpingos
60607;6;6;7;Querocotillo
60608;6;6;8;San Andres De Cutervo
60609;6;6;9;San Juan De Cutervo
60610;6;6;10;San Luis De Lucma
60611;6;6;11;Santa Cruz
60612;6;6;12;Santo Domingo De La Capilla
60613;6;6;13;Santo Tomas
60614;6;6;14;Socota
60615;6;6;15;Toribio Casanova
60700;6;7;0;Hualgayoc
60701;6;7;1;Bambamarca
60702;6;7;2;Chugur
60703;6;7;3;Hualgayoc
60800;6;8;0;Jaen
60801;6;8;1;Jaen
60802;6;8;2;Bellavista
60803;6;8;3;Chontali
60804;6;8;4;Colasay
60805;6;8;5;Huabal
60806;6;8;6;Las Pirias
60807;6;8;7;Pomahuaca
60808;6;8;8;Pucara
60809;6;8;9;Sallique
60810;6;8;10;San Felipe
60811;6;8;11;San Jose Del Alto
60812;6;8;12;Santa Rosa
60900;6;9;0;San Ignacio
60901;6;9;1;San Ignacio
60902;6;9;2;Chirinos
60903;6;9;3;Huarango
60904;6;9;4;La Coipa
60905;6;9;5;Namballe
60906;6;9;6;San Jose De Lourdes
60907;6;9;7;Tabaconas
61000;6;10;0;San Marcos
61001;6;10;1;Pedro Galvez
61002;6;10;2;Chancay
61003;6;10;3;Eduardo Villanueva
61004;6;10;4;Gregorio Pita
61005;6;10;5;Ichocan
61006;6;10;6;Jose Manuel Quiroz
61007;6;10;7;Jose Sabogal
61100;6;11;0;San Miguel
61101;6;11;1;San Miguel
61102;6;11;2;Bolivar
61103;6;11;3;Calquis
61104;6;11;4;Catilluc
61105;6;11;5;El Prado
61106;6;11;6;La Florida
61107;6;11;7;Llapa
61108;6;11;8;Nanchoc
61109;6;11;9;Niepos
61110;6;11;10;San Gregorio
61111;6;11;11;San Silvestre De Cochan
61112;6;11;12;Tongod
61113;6;11;13;Union Agua Blanca
61200;6;12;0;San Pablo
61201;6;12;1;San Pablo
61202;6;12;2;San Bernardino
61203;6;12;3;San Luis
61204;6;12;4;Tumbaden
61300;6;13;0;Santa Cruz
61301;6;13;1;Santa Cruz
61302;6;13;2;Andabamba
61303;6;13;3;Catache
61304;6;13;4;ChancaybaÃ±os
61305;6;13;5;La Esperanza
61306;6;13;6;Ninabamba
61307;6;13;7;Pulan
61308;6;13;8;Saucepampa
61309;6;13;9;Sexi
61310;6;13;10;Uticyacu
61311;6;13;11;Yauyucan
70000;7;0;0;Callao
70100;7;1;0;Callao
70101;7;1;1;Callao
70102;7;1;2;Bellavista
70103;7;1;3;Carmen De La Legua Reynoso
70104;7;1;4;La Perla
70105;7;1;5;La Punta
70106;7;1;6;Ventanilla
80000;8;0;0;Cusco
80100;8;1;0;Cusco
80101;8;1;1;Cusco
80102;8;1;2;Ccorca
80103;8;1;3;Poroy
80104;8;1;4;San Jeronimo
80105;8;1;5;San Sebastian
80106;8;1;6;Santiago
80107;8;1;7;Saylla
80108;8;1;8;Wanchaq
80200;8;2;0;Acomayo
80201;8;2;1;Acomayo
80202;8;2;2;Acopia
80203;8;2;3;Acos
80204;8;2;4;Mosoc Llacta
80205;8;2;5;Pomacanchi
80206;8;2;6;Rondocan
80207;8;2;7;Sangarara
80300;8;3;0;Anta
80301;8;3;1;Anta
80302;8;3;2;Ancahuasi
80303;8;3;3;Cachimayo
80304;8;3;4;Chinchaypujio
80305;8;3;5;Huarocondo
80306;8;3;6;Limatambo
80307;8;3;7;Mollepata
80308;8;3;8;Pucyura
80309;8;3;9;Zurite
80400;8;4;0;Calca
80401;8;4;1;Calca
80402;8;4;2;Coya
80403;8;4;3;Lamay
80404;8;4;4;Lares
80405;8;4;5;Pisac
80406;8;4;6;San Salvador
80407;8;4;7;Taray
80408;8;4;8;Yanatile
80500;8;5;0;Canas
80501;8;5;1;Yanaoca
80502;8;5;2;Checca
80503;8;5;3;Kunturkanki
80504;8;5;4;Langui
80505;8;5;5;Layo
80506;8;5;6;Pampamarca
80507;8;5;7;Quehue
80508;8;5;8;Tupac Amaru
80600;8;6;0;Canchis
80601;8;6;1;Sicuani
80602;8;6;2;Checacupe
80603;8;6;3;Combapata
80604;8;6;4;Marangani
80605;8;6;5;Pitumarca
80606;8;6;6;San Pablo
80607;8;6;7;San Pedro
80608;8;6;8;Tinta
80700;8;7;0;Chumbivilcas
80701;8;7;1;Santo Tomas
80702;8;7;2;Capacmarca
80703;8;7;3;Chamaca
80704;8;7;4;Colquemarca
80705;8;7;5;Livitaca
80706;8;7;6;Llusco
80707;8;7;7;QuiÃ±ota
80708;8;7;8;Velille
80800;8;8;0;Espinar
80801;8;8;1;Espinar
80802;8;8;2;Condoroma
80803;8;8;3;Coporaque
80804;8;8;4;Ocoruro
80805;8;8;5;Pallpata
80806;8;8;6;Pichigua
80807;8;8;7;Suyckutambo
80808;8;8;8;Alto Pichigua
80900;8;9;0;La Convencion
80901;8;9;1;Santa Ana
80902;8;9;2;Echarate
80903;8;9;3;Huayopata
80904;8;9;4;Maranura
80905;8;9;5;Ocobamba
80906;8;9;6;Quellouno
80907;8;9;7;Kimbiri
80908;8;9;8;Santa Teresa
80909;8;9;9;Vilcabamba
80910;8;9;10;Pichari
81000;8;10;0;Paruro
81001;8;10;1;Paruro
81002;8;10;2;Accha
81003;8;10;3;Ccapi
81004;8;10;4;Colcha
81005;8;10;5;Huanoquite
81006;8;10;6;Omacha
81007;8;10;7;Paccaritambo
81008;8;10;8;Pillpinto
81009;8;10;9;Yaurisque
81100;8;11;0;Paucartambo
81101;8;11;1;Paucartambo
81102;8;11;2;Caicay
81103;8;11;3;Challabamba
81104;8;11;4;Colquepata
81105;8;11;5;Huancarani
81106;8;11;6;KosÃ±ipata
81200;8;12;0;Quispicanchi
81201;8;12;1;Urcos
81202;8;12;2;Andahuaylillas
81203;8;12;3;Camanti
81204;8;12;4;Ccarhuayo
81205;8;12;5;Ccatca
81206;8;12;6;Cusipata
81207;8;12;7;Huaro
81208;8;12;8;Lucre
81209;8;12;9;Marcapata
81210;8;12;10;Ocongate
81211;8;12;11;Oropesa
81212;8;12;12;Quiquijana
81300;8;13;0;Urubamba
81301;8;13;1;Urubamba
81302;8;13;2;Chinchero
81303;8;13;3;Huayllabamba
81304;8;13;4;Machupicchu
81305;8;13;5;Maras
81306;8;13;6;Ollantaytambo
81307;8;13;7;Yucay
90000;9;0;0;Huancavelica
90100;9;1;0;Huancavelica
90101;9;1;1;Huancavelica
90102;9;1;2;Acobambilla
90103;9;1;3;Acoria
90104;9;1;4;Conayca
90105;9;1;5;Cuenca
90106;9;1;6;Huachocolpa
90107;9;1;7;Huayllahuara
90108;9;1;8;Izcuchaca
90109;9;1;9;Laria
90110;9;1;10;Manta
90111;9;1;11;Mariscal Caceres
90112;9;1;12;Moya
90113;9;1;13;Nuevo Occoro
90114;9;1;14;Palca
90115;9;1;15;Pilchaca
90116;9;1;16;Vilca
90117;9;1;17;Yauli
90118;9;1;18;Ascension
90119;9;1;19;Huando
90200;9;2;0;Acobamba
90201;9;2;1;Acobamba
90202;9;2;2;Andabamba
90203;9;2;3;Anta
90204;9;2;4;Caja
90205;9;2;5;Marcas
90206;9;2;6;Paucara
90207;9;2;7;Pomacocha
90208;9;2;8;Rosario
90300;9;3;0;Angaraes
90301;9;3;1;Lircay
90302;9;3;2;Anchonga
90303;9;3;3;Callanmarca
90304;9;3;4;Ccochaccasa
90305;9;3;5;Chincho
90306;9;3;6;Congalla
90307;9;3;7;Huanca-Huanca
90308;9;3;8;Huayllay Grande
90309;9;3;9;Julcamarca
90310;9;3;10;San Antonio De Antaparco
90311;9;3;11;Santo Tomas De Pata
90312;9;3;12;Secclla
90400;9;4;0;Castrovirreyna
90401;9;4;1;Castrovirreyna
90402;9;4;2;Arma
90403;9;4;3;Aurahua
90404;9;4;4;Capillas
90405;9;4;5;Chupamarca
90406;9;4;6;Cocas
90407;9;4;7;Huachos
90408;9;4;8;Huamatambo
90409;9;4;9;Mollepampa
90410;9;4;10;San Juan
90411;9;4;11;Santa Ana
90412;9;4;12;Tantara
90413;9;4;13;Ticrapo
90500;9;5;0;Churcampa
90501;9;5;1;Churcampa
90502;9;5;2;Anco
90503;9;5;3;Chinchihuasi
90504;9;5;4;El Carmen
90505;9;5;5;La Merced
90506;9;5;6;Locroja
90507;9;5;7;Paucarbamba
90508;9;5;8;San Miguel De Mayocc
90509;9;5;9;San Pedro De Coris
90510;9;5;10;Pachamarca
90600;9;6;0;Huaytara
90601;9;6;1;Huaytara
90602;9;6;2;Ayavi
90603;9;6;3;Cordova
90604;9;6;4;Huayacundo Arma
90605;9;6;5;Laramarca
90606;9;6;6;Ocoyo
90607;9;6;7;Pilpichaca
90608;9;6;8;Querco
90609;9;6;9;Quito-Arma
90610;9;6;10;San Antonio De Cusicancha
90611;9;6;11;San Francisco De Sangayaico
90612;9;6;12;San Isidro
90613;9;6;13;Santiago De Chocorvos
90614;9;6;14;Santiago De Quirahuara
90615;9;6;15;Santo Domingo De Capillas
90616;9;6;16;Tambo
90700;9;7;0;Tayacaja
90701;9;7;1;Pampas
90702;9;7;2;Acostambo
90703;9;7;3;Acraquia
90704;9;7;4;Ahuaycha
90705;9;7;5;Colcabamba
90706;9;7;6;Daniel Hernandez
90707;9;7;7;Huachocolpa
90709;9;7;9;Huaribamba
90710;9;7;10;Ã±ahuimpuquio
90711;9;7;11;Pazos
90713;9;7;13;Quishuar
90714;9;7;14;Salcabamba
90715;9;7;15;Salcahuasi
90716;9;7;16;San Marcos De Rocchac
90717;9;7;17;Surcubamba
90718;9;7;18;Tintay Puncu
100000;10;0;0;Huanuco
100100;10;1;0;Huanuco
100101;10;1;1;Huanuco
100102;10;1;2;Amarilis
100103;10;1;3;Chinchao
100104;10;1;4;Churubamba
100105;10;1;5;Margos
100106;10;1;6;Quisqui
100107;10;1;7;San Francisco De Cayran
100108;10;1;8;San Pedro De Chaulan
100109;10;1;9;Santa Maria Del Valle
100110;10;1;10;Yarumayo
100111;10;1;11;Pillco Marca
100200;10;2;0;Ambo
100201;10;2;1;Ambo
100202;10;2;2;Cayna
100203;10;2;3;Colpas
100204;10;2;4;Conchamarca
100205;10;2;5;Huacar
100206;10;2;6;San Francisco
100207;10;2;7;San Rafael
100208;10;2;8;Tomay Kichwa
100300;10;3;0;Dos De Mayo
100301;10;3;1;La Union
100307;10;3;7;Chuquis
100311;10;3;11;Marias
100313;10;3;13;Pachas
100316;10;3;16;Quivilla
100317;10;3;17;Ripan
100321;10;3;21;Shunqui
100322;10;3;22;Sillapata
100323;10;3;23;Yanas
100400;10;4;0;Huacaybamba
100401;10;4;1;Huacaybamba
100402;10;4;2;Canchabamba
100403;10;4;3;Cochabamba
100404;10;4;4;Pinra
100500;10;5;0;Huamalies
100501;10;5;1;Llata
100502;10;5;2;Arancay
100503;10;5;3;Chavin De Pariarca
100504;10;5;4;Jacas Grande
100505;10;5;5;Jircan
100506;10;5;6;Miraflores
100507;10;5;7;Monzon
100508;10;5;8;Punchao
100509;10;5;9;PuÃ±os
100510;10;5;10;Singa
100511;10;5;11;Tantamayo
100600;10;6;0;Leoncio Prado
100601;10;6;1;Rupa-Rupa
100602;10;6;2;Daniel Alomias Robles
100603;10;6;3;Hermilio Valdizan
100604;10;6;4;Jose Crespo Y Castillo
100605;10;6;5;Luyando
100606;10;6;6;Mariano Damaso Beraun
100700;10;7;0;MaraÃƒÂ°on
100701;10;7;1;Huacrachuco
100702;10;7;2;Cholon
100703;10;7;3;San Buenaventura
100800;10;8;0;Pachitea
100801;10;8;1;Panao
100802;10;8;2;Chaglla
100803;10;8;3;Molino
100804;10;8;4;Umari
100900;10;9;0;Puerto Inca
100901;10;9;1;Puerto Inca
100902;10;9;2;Codo Del Pozuzo
100903;10;9;3;Honoria
100904;10;9;4;Tournavista
100905;10;9;5;Yuyapichis
101000;10;10;0;Lauricocha
101001;10;10;1;Jesus
101002;10;10;2;BaÃ±os
101003;10;10;3;Jivia
101004;10;10;4;Queropalca
101005;10;10;5;Rondos
101006;10;10;6;San Francisco De Asis
101007;10;10;7;San Miguel De Cauri
101100;10;11;0;Yarowilca
101101;10;11;1;Chavinillo
101102;10;11;2;Cahuac
101103;10;11;3;Chacabamba
101104;10;11;4;Aparicio Pomares
101105;10;11;5;Jacas Chico
101106;10;11;6;Obas
101107;10;11;7;Pampamarca
101108;10;11;8;Choras
110000;11;0;0;Ica
110100;11;1;0;Ica
110101;11;1;1;Ica
110102;11;1;2;La TinguiÃ±a
110103;11;1;3;Los Aquijes
110104;11;1;4;Ocucaje
110105;11;1;5;Pachacutec
110106;11;1;6;Parcona
110107;11;1;7;Pueblo Nuevo
110108;11;1;8;Salas
110109;11;1;9;San Jose De Los Molinos
110110;11;1;10;San Juan Bautista
110111;11;1;11;Santiago
110112;11;1;12;Subtanjalla
110113;11;1;13;Tate
110114;11;1;14;Yauca Del Rosario
110200;11;2;0;Chincha
110201;11;2;1;Chincha Alta
110202;11;2;2;Alto Laran
110203;11;2;3;Chavin
110204;11;2;4;Chincha Baja
110205;11;2;5;El Carmen
110206;11;2;6;Grocio Prado
110207;11;2;7;Pueblo Nuevo
110208;11;2;8;San Juan De Yanac
110209;11;2;9;San Pedro De Huacarpana
110210;11;2;10;Sunampe
110211;11;2;11;Tambo De Mora
110300;11;3;0;Nazca
110301;11;3;1;Nazca
110302;11;3;2;Changuillo
110303;11;3;3;El Ingenio
110304;11;3;4;Marcona
110305;11;3;5;Vista Alegre
110400;11;4;0;Palpa
110401;11;4;1;Palpa
110402;11;4;2;Llipata
110403;11;4;3;Rio Grande
110404;11;4;4;Santa Cruz
110405;11;4;5;Tibillo
110500;11;5;0;Pisco
110501;11;5;1;Pisco
110502;11;5;2;Huancano
110503;11;5;3;Humay
110504;11;5;4;Independencia
110505;11;5;5;Paracas
110506;11;5;6;San Andres
110507;11;5;7;San Clemente
110508;11;5;8;Tupac Amaru Inca
120000;12;0;0;Junin
120100;12;1;0;Huancayo
120101;12;1;1;Huancayo
120104;12;1;4;Carhuacallanga
120105;12;1;5;Chacapampa
120106;12;1;6;Chicche
120107;12;1;7;Chilca
120108;12;1;8;Chongos Alto
120111;12;1;11;Chupuro
120112;12;1;12;Colca
120113;12;1;13;Cullhuas
120114;12;1;14;El Tambo
120116;12;1;16;Huacrapuquio
120117;12;1;17;Hualhuas
120119;12;1;19;Huancan
120120;12;1;20;Huasicancha
120121;12;1;21;Huayucachi
120122;12;1;22;Ingenio
120124;12;1;24;Pariahuanca
120125;12;1;25;Pilcomayo
120126;12;1;26;Pucara
120127;12;1;27;Quichuay
120128;12;1;28;Quilcas
120129;12;1;29;San Agustin
120130;12;1;30;San Jeronimo De Tunan
120132;12;1;32;SaÃ±o
120133;12;1;33;Sapallanga
120134;12;1;34;Sicaya
120135;12;1;35;Santo Domingo De Acobamba
120136;12;1;36;Viques
120200;12;2;0;Concepcion
120201;12;2;1;Concepcion
120202;12;2;2;Aco
120203;12;2;3;Andamarca
120204;12;2;4;Chambara
120205;12;2;5;Cochas
120206;12;2;6;Comas
120207;12;2;7;Heroinas Toledo
120208;12;2;8;Manzanares
120209;12;2;9;Mariscal Castilla
120210;12;2;10;Matahuasi
120211;12;2;11;Mito
120212;12;2;12;Nueve De Julio
120213;12;2;13;Orcotuna
120214;12;2;14;San Jose De Quero
120215;12;2;15;Santa Rosa De Ocopa
120300;12;3;0;Chanchamayo
120301;12;3;1;Chanchamayo
120302;12;3;2;Perene
120303;12;3;3;Pichanaqui
120304;12;3;4;San Luis De Shuaro
120305;12;3;5;San Ramon
120306;12;3;6;Vitoc
120400;12;4;0;Jauja
120401;12;4;1;Jauja
120402;12;4;2;Acolla
120403;12;4;3;Apata
120404;12;4;4;Ataura
120405;12;4;5;Canchayllo
120406;12;4;6;Curicaca
120407;12;4;7;El Mantaro
120408;12;4;8;Huamali
120409;12;4;9;Huaripampa
120410;12;4;10;Huertas
120411;12;4;11;Janjaillo
120412;12;4;12;Julcan
120413;12;4;13;Leonor OrdoÃ±ez
120414;12;4;14;Llocllapampa
120415;12;4;15;Marco
120416;12;4;16;Masma
120417;12;4;17;Masma Chicche
120418;12;4;18;Molinos
120419;12;4;19;Monobamba
120420;12;4;20;Muqui
120421;12;4;21;Muquiyauyo
120422;12;4;22;Paca
120423;12;4;23;Paccha
120424;12;4;24;Pancan
120425;12;4;25;Parco
120426;12;4;26;Pomacancha
120427;12;4;27;Ricran
120428;12;4;28;San Lorenzo
120429;12;4;29;San Pedro De Chunan
120430;12;4;30;Sausa
120431;12;4;31;Sincos
120432;12;4;32;Tunan Marca
120433;12;4;33;Yauli
120434;12;4;34;Yauyos
120500;12;5;0;Junin
120501;12;5;1;Junin
120502;12;5;2;Carhuamayo
120503;12;5;3;Ondores
120504;12;5;4;Ulcumayo
120600;12;6;0;Satipo
120601;12;6;1;Satipo
120602;12;6;2;Coviriali
120603;12;6;3;Llaylla
120604;12;6;4;Mazamari
120605;12;6;5;Pampa Hermosa
120606;12;6;6;Pangoa
120607;12;6;7;Rio Negro
120608;12;6;8;Rio Tambo
120700;12;7;0;Tarma
120701;12;7;1;Tarma
120702;12;7;2;Acobamba
120703;12;7;3;Huaricolca
120704;12;7;4;Huasahuasi
120705;12;7;5;La Union
120706;12;7;6;Palca
120707;12;7;7;Palcamayo
120708;12;7;8;San Pedro De Cajas
120709;12;7;9;Tapo
120800;12;8;0;Yauli
120801;12;8;1;La Oroya
120802;12;8;2;Chacapalpa
120803;12;8;3;Huay-Huay
120804;12;8;4;Marcapomacocha
120805;12;8;5;Morococha
120806;12;8;6;Paccha
120807;12;8;7;Santa Barbara De Carhuacayan
120808;12;8;8;Santa Rosa De Sacco
120809;12;8;9;Suitucancha
120810;12;8;10;Yauli
120900;12;9;0;Chupaca
120901;12;9;1;Chupaca
120902;12;9;2;Ahuac
120903;12;9;3;Chongos Bajo
120904;12;9;4;Huachac
120905;12;9;5;Huamancaca Chico
120906;12;9;6;San Juan De Yscos
120907;12;9;7;San Juan De Jarpa
120908;12;9;8;Tres De Diciembre
120909;12;9;9;Yanacancha
130000;13;0;0;La Libertad
130100;13;1;0;Trujillo
130101;13;1;1;Trujillo
130102;13;1;2;El Porvenir
130103;13;1;3;Florencia De Mora
130104;13;1;4;Huanchaco
130105;13;1;5;La Esperanza
130106;13;1;6;Laredo
130107;13;1;7;Moche
130108;13;1;8;Poroto
130109;13;1;9;Salaverry
130110;13;1;10;Simbal
130111;13;1;11;Victor Larco Herrera
130200;13;2;0;Ascope
130201;13;2;1;Ascope
130202;13;2;2;Chicama
130203;13;2;3;Chocope
130204;13;2;4;Magdalena De Cao
130205;13;2;5;Paijan
130206;13;2;6;Razuri
130207;13;2;7;Santiago De Cao
130208;13;2;8;Casa Grande
130300;13;3;0;Bolivar
130301;13;3;1;Bolivar
130302;13;3;2;Bambamarca
130303;13;3;3;Condormarca
130304;13;3;4;Longotea
130305;13;3;5;Uchumarca
130306;13;3;6;Ucuncha
130400;13;4;0;Chepen
130401;13;4;1;Chepen
130402;13;4;2;Pacanga
130403;13;4;3;Pueblo Nuevo
130500;13;5;0;Julcan
130501;13;5;1;Julcan
130502;13;5;2;Calamarca
130503;13;5;3;Carabamba
130504;13;5;4;Huaso
130600;13;6;0;Otuzco
130601;13;6;1;Otuzco
130602;13;6;2;Agallpampa
130604;13;6;4;Charat
130605;13;6;5;Huaranchal
130606;13;6;6;La Cuesta
130608;13;6;8;Mache
130610;13;6;10;Paranday
130611;13;6;11;Salpo
130613;13;6;13;Sinsicap
130614;13;6;14;Usquil
130700;13;7;0;Pacasmayo
130701;13;7;1;San Pedro De Lloc
130702;13;7;2;Guadalupe
130703;13;7;3;Jequetepeque
130704;13;7;4;Pacasmayo
130705;13;7;5;San Jose
130800;13;8;0;Pataz
130801;13;8;1;Tayabamba
130802;13;8;2;Buldibuyo
130803;13;8;3;Chillia
130804;13;8;4;Huancaspata
130805;13;8;5;Huaylillas
130806;13;8;6;Huayo
130807;13;8;7;Ongon
130808;13;8;8;Parcoy
130809;13;8;9;Pataz
130810;13;8;10;Pias
130811;13;8;11;Santiago De Challas
130812;13;8;12;Taurija
130813;13;8;13;Urpay
130900;13;9;0;Sanchez Carrion
130901;13;9;1;Huamachuco
130902;13;9;2;Chugay
130903;13;9;3;Cochorco
130904;13;9;4;Curgos
130905;13;9;5;Marcabal
130906;13;9;6;Sanagoran
130907;13;9;7;Sarin
130908;13;9;8;Sartimbamba
131000;13;10;0;Santiago De Chuco
131001;13;10;1;Santiago De Chuco
131002;13;10;2;Angasmarca
131003;13;10;3;Cachicadan
131004;13;10;4;Mollebamba
131005;13;10;5;Mollepata
131006;13;10;6;Quiruvilca
131007;13;10;7;Santa Cruz De Chuca
131008;13;10;8;Sitabamba
131100;13;11;0;Gran Chimu
131101;13;11;1;Cascas
131102;13;11;2;Lucma
131103;13;11;3;Compin
131104;13;11;4;Sayapullo
131200;13;12;0;Viru
131201;13;12;1;Viru
131202;13;12;2;Chao
131203;13;12;3;Guadalupito
140000;14;0;0;Lambayeque
140100;14;1;0;Chiclayo
140101;14;1;1;Chiclayo
140102;14;1;2;Chongoyape
140103;14;1;3;Eten
140104;14;1;4;Eten Puerto
140105;14;1;5;Jose Leonardo Ortiz
140106;14;1;6;La Victoria
140107;14;1;7;Lagunas
140108;14;1;8;Monsefu
140109;14;1;9;Nueva Arica
140110;14;1;10;Oyotun
140111;14;1;11;Picsi
140112;14;1;12;Pimentel
140113;14;1;13;Reque
140114;14;1;14;Santa Rosa
140115;14;1;15;SaÃ±a
140116;14;1;16;Cayalti
140117;14;1;17;Patapo
140118;14;1;18;Pomalca
140119;14;1;19;Pucala
140120;14;1;20;Tuman
140200;14;2;0;FerreÃ±afe
140201;14;2;1;FerreÃ±afe
140202;14;2;2;CaÃ±aris
140203;14;2;3;Incahuasi
140204;14;2;4;Manuel Antonio Mesones Muro
140205;14;2;5;Pitipo
140206;14;2;6;Pueblo Nuevo
140300;14;3;0;Lambayeque
140301;14;3;1;Lambayeque
140302;14;3;2;Chochope
140303;14;3;3;Illimo
140304;14;3;4;Jayanca
140305;14;3;5;Mochumi
140306;14;3;6;Morrope
140307;14;3;7;Motupe
140308;14;3;8;Olmos
140309;14;3;9;Pacora
140310;14;3;10;Salas
140311;14;3;11;San Jose
140312;14;3;12;Tucume
150000;15;0;0;Lima
150100;15;1;0;Lima
150101;15;1;1;Lima
150102;15;1;2;Ancon
150103;15;1;3;Ate
150104;15;1;4;Barranco
150105;15;1;5;BreÃ±a
150106;15;1;6;Carabayllo
150107;15;1;7;Chaclacayo
150108;15;1;8;Chorrillos
150109;15;1;9;Cieneguilla
150110;15;1;10;Comas
150111;15;1;11;El Agustino
150112;15;1;12;Independencia
150113;15;1;13;Jesus Maria
150114;15;1;14;La Molina
150115;15;1;15;La Victoria
150116;15;1;16;Lince
150117;15;1;17;Los Olivos
150118;15;1;18;Lurigancho
150119;15;1;19;Lurin
150120;15;1;20;Magdalena Del Mar
150121;15;1;21;Magdalena Vieja
150122;15;1;22;Miraflores
150123;15;1;23;Pachacamac
150124;15;1;24;Pucusana
150125;15;1;25;Puente Piedra
150126;15;1;26;Punta Hermosa
150127;15;1;27;Punta Negra
150128;15;1;28;Rimac
150129;15;1;29;San Bartolo
150130;15;1;30;San Borja
150131;15;1;31;San Isidro
150132;15;1;32;San Juan De Lurigancho
150133;15;1;33;San Juan De Miraflores
150134;15;1;34;San Luis
150135;15;1;35;San Martin De Porres
150136;15;1;36;San Miguel
150137;15;1;37;Santa Anita
150138;15;1;38;Santa Maria Del Mar
150139;15;1;39;Santa Rosa
150140;15;1;40;Santiago De Surco
150141;15;1;41;Surquillo
150142;15;1;42;Villa El Salvador
150143;15;1;43;Villa Maria Del Triunfo
150200;15;2;0;Barranca
150201;15;2;1;Barranca
150202;15;2;2;Paramonga
150203;15;2;3;Pativilca
150204;15;2;4;Supe
150205;15;2;5;Supe Puerto
150300;15;3;0;Cajatambo
150301;15;3;1;Cajatambo
150302;15;3;2;Copa
150303;15;3;3;Gorgor
150304;15;3;4;Huancapon
150305;15;3;5;Manas
150400;15;4;0;Canta
150401;15;4;1;Canta
150402;15;4;2;Arahuay
150403;15;4;3;Huamantanga
150404;15;4;4;Huaros
150405;15;4;5;Lachaqui
150406;15;4;6;San Buenaventura
150407;15;4;7;Santa Rosa De Quives
150500;15;5;0;CaÃ±ete
150501;15;5;1;San Vicente De CaÃ±ete
150502;15;5;2;Asia
150503;15;5;3;Calango
150504;15;5;4;Cerro Azul
150505;15;5;5;Chilca
150506;15;5;6;Coayllo
150507;15;5;7;Imperial
150508;15;5;8;Lunahuana
150509;15;5;9;Mala
150510;15;5;10;Nuevo Imperial
150511;15;5;11;Pacaran
150512;15;5;12;Quilmana
150513;15;5;13;San Antonio
150514;15;5;14;San Luis
150515;15;5;15;Santa Cruz De Flores
150516;15;5;16;ZuÃ±iga
150600;15;6;0;Huaral
150601;15;6;1;Huaral
150602;15;6;2;Atavillos Alto
150603;15;6;3;Atavillos Bajo
150604;15;6;4;Aucallama
150605;15;6;5;Chancay
150606;15;6;6;Ihuari
150607;15;6;7;Lampian
150608;15;6;8;Pacaraos
150609;15;6;9;San Miguel De Acos
150610;15;6;10;Santa Cruz De Andamarca
150611;15;6;11;Sumbilca
150612;15;6;12;Veintisiete De Noviembre
150700;15;7;0;Huarochiri
150701;15;7;1;Matucana
150702;15;7;2;Antioquia
150703;15;7;3;Callahuanca
150704;15;7;4;Carampoma
150705;15;7;5;Chicla
150706;15;7;6;Cuenca
150707;15;7;7;Huachupampa
150708;15;7;8;Huanza
150709;15;7;9;Huarochiri
150710;15;7;10;Lahuaytambo
150711;15;7;11;Langa
150712;15;7;12;Laraos
150713;15;7;13;Mariatana
150714;15;7;14;Ricardo Palma
150715;15;7;15;San Andres De Tupicocha
150716;15;7;16;San Antonio
150717;15;7;17;San Bartolome
150718;15;7;18;San Damian
150719;15;7;19;San Juan De Iris
150720;15;7;20;San Juan De Tantaranche
150721;15;7;21;San Lorenzo De Quinti
150722;15;7;22;San Mateo
150723;15;7;23;San Mateo De Otao
150724;15;7;24;San Pedro De Casta
150725;15;7;25;San Pedro De Huancayre
150726;15;7;26;Sangallaya
150727;15;7;27;Santa Cruz De Cocachacra
150728;15;7;28;Santa Eulalia
150729;15;7;29;Santiago De Anchucaya
150730;15;7;30;Santiago De Tuna
150731;15;7;31;Santo Domingo De Los Olleros
150732;15;7;32;Surco
150800;15;8;0;Huaura
150801;15;8;1;Huacho
150802;15;8;2;Ambar
150803;15;8;3;Caleta De Carquin
150804;15;8;4;Checras
150805;15;8;5;Hualmay
150806;15;8;6;Huaura
150807;15;8;7;Leoncio Prado
150808;15;8;8;Paccho
150809;15;8;9;Santa Leonor
150810;15;8;10;Santa Maria
150811;15;8;11;Sayan
150812;15;8;12;Vegueta
150900;15;9;0;Oyon
150901;15;9;1;Oyon
150902;15;9;2;Andajes
150903;15;9;3;Caujul
150904;15;9;4;Cochamarca
150905;15;9;5;Navan
150906;15;9;6;Pachangara
151000;15;10;0;Yauyos
151001;15;10;1;Yauyos
151002;15;10;2;Alis
151003;15;10;3;Ayauca
151004;15;10;4;Ayaviri
151005;15;10;5;Azangaro
151006;15;10;6;Cacra
151007;15;10;7;Carania
151008;15;10;8;Catahuasi
151009;15;10;9;Chocos
151010;15;10;10;Cochas
151011;15;10;11;Colonia
151012;15;10;12;Hongos
151013;15;10;13;Huampara
151014;15;10;14;Huancaya
151015;15;10;15;Huangascar
151016;15;10;16;Huantan
151017;15;10;17;HuaÃ±ec
151018;15;10;18;Laraos
151019;15;10;19;Lincha
151020;15;10;20;Madean
151021;15;10;21;Miraflores
151022;15;10;22;Omas
151023;15;10;23;Putinza
151024;15;10;24;Quinches
151025;15;10;25;Quinocay
151026;15;10;26;San Joaquin
151027;15;10;27;San Pedro De Pilas
151028;15;10;28;Tanta
151029;15;10;29;Tauripampa
151030;15;10;30;Tomas
151031;15;10;31;Tupe
151032;15;10;32;ViÃ±ac
151033;15;10;33;Vitis
160000;16;0;0;Loreto
160100;16;1;0;Maynas
160101;16;1;1;Iquitos
160102;16;1;2;Alto Nanay
160103;16;1;3;Fernando Lores
160104;16;1;4;Indiana
160105;16;1;5;Las Amazonas
160106;16;1;6;Mazan
160107;16;1;7;Napo
160108;16;1;8;Punchana
160109;16;1;9;Putumayo
160110;16;1;10;Torres Causana
160112;16;1;12;Belen
160113;16;1;13;San Juan Bautista
160114;16;1;14;Teniente Manuel Clavero
160200;16;2;0;Alto Amazonas
160201;16;2;1;Yurimaguas
160202;16;2;2;Balsapuerto
160205;16;2;5;Jeberos
160206;16;2;6;Lagunas
160210;16;2;10;Santa Cruz
160211;16;2;11;Teniente Cesar Lopez Rojas
160300;16;3;0;Loreto
160301;16;3;1;Nauta
160302;16;3;2;Parinari
160303;16;3;3;Tigre
160304;16;3;4;Trompeteros
160305;16;3;5;Urarinas
160400;16;4;0;Mariscal Ramon Castilla
160401;16;4;1;Ramon Castilla
160402;16;4;2;Pebas
160403;16;4;3;Yavari
160404;16;4;4;San Pablo
160500;16;5;0;Requena
160501;16;5;1;Requena
160502;16;5;2;Alto Tapiche
160503;16;5;3;Capelo
160504;16;5;4;Emilio San Martin
160505;16;5;5;Maquia
160506;16;5;6;Puinahua
160507;16;5;7;Saquena
160508;16;5;8;Soplin
160509;16;5;9;Tapiche
160510;16;5;10;Jenaro Herrera
160511;16;5;11;Yaquerana
160600;16;6;0;Ucayali
160601;16;6;1;Contamana
160602;16;6;2;Inahuaya
160603;16;6;3;Padre Marquez
160604;16;6;4;Pampa Hermosa
160605;16;6;5;Sarayacu
160606;16;6;6;Vargas Guerra
160700;16;7;0;Datem Del MaraÃ±on
160701;16;7;1;Barranca
160702;16;7;2;Cahuapanas
160703;16;7;3;Manseriche
160704;16;7;4;Morona
160705;16;7;5;Pastaza
160706;16;7;6;Andoas
170000;17;0;0;Madre De Dios
170100;17;1;0;Tambopata
170101;17;1;1;Tambopata
170102;17;1;2;Inambari
170103;17;1;3;Las Piedras
170104;17;1;4;Laberinto
170200;17;2;0;Manu
170201;17;2;1;Manu
170202;17;2;2;Fitzcarrald
170203;17;2;3;Madre De Dios
170204;17;2;4;Huepetuhe
170300;17;3;0;Tahuamanu
170301;17;3;1;IÃ±apari
170302;17;3;2;Iberia
170303;17;3;3;Tahuamanu
180000;18;0;0;Moquegua
180100;18;1;0;Mariscal Nieto
180101;18;1;1;Moquegua
180102;18;1;2;Carumas
180103;18;1;3;Cuchumbaya
180104;18;1;4;Samegua
180105;18;1;5;San Cristobal
180106;18;1;6;Torata
180200;18;2;0;General Sanchez Cerro
180201;18;2;1;Omate
180202;18;2;2;Chojata
180203;18;2;3;Coalaque
180204;18;2;4;IchuÃ±a
180205;18;2;5;La Capilla
180206;18;2;6;Lloque
180207;18;2;7;Matalaque
180208;18;2;8;Puquina
180209;18;2;9;Quinistaquillas
180210;18;2;10;Ubinas
180211;18;2;11;Yunga
180300;18;3;0;Ilo
180301;18;3;1;Ilo
180302;18;3;2;El Algarrobal
180303;18;3;3;Pacocha
190000;19;0;0;Pasco
190100;19;1;0;Pasco
190101;19;1;1;Chaupimarca
190102;19;1;2;Huachon
190103;19;1;3;Huariaca
190104;19;1;4;Huayllay
190105;19;1;5;Ninacaca
190106;19;1;6;Pallanchacra
190107;19;1;7;Paucartambo
190108;19;1;8;San Francisco De Asis De Yarusyacan
190109;19;1;9;Simon Bolivar
190110;19;1;10;Ticlacayan
190111;19;1;11;Tinyahuarco
190112;19;1;12;Vicco
190113;19;1;13;Yanacancha
190200;19;2;0;Daniel Alcides Carrion
190201;19;2;1;Yanahuanca
190202;19;2;2;Chacayan
190203;19;2;3;Goyllarisquizga
190204;19;2;4;Paucar
190205;19;2;5;San Pedro De Pillao
190206;19;2;6;Santa Ana De Tusi
190207;19;2;7;Tapuc
190208;19;2;8;Vilcabamba
190300;19;3;0;Oxapampa
190301;19;3;1;Oxapampa
190302;19;3;2;Chontabamba
190303;19;3;3;Huancabamba
190304;19;3;4;Palcazu
190305;19;3;5;Pozuzo
190306;19;3;6;Puerto Bermudez
190307;19;3;7;Villa Rica
200000;20;0;0;Piura
200100;20;1;0;Piura
200101;20;1;1;Piura
200104;20;1;4;Castilla
200105;20;1;5;Catacaos
200107;20;1;7;Cura Mori
200108;20;1;8;El Tallan
200109;20;1;9;La Arena
200110;20;1;10;La Union
200111;20;1;11;Las Lomas
200114;20;1;14;Tambo Grande
200200;20;2;0;Ayabaca
200201;20;2;1;Ayabaca
200202;20;2;2;Frias
200203;20;2;3;Jilili
200204;20;2;4;Lagunas
200205;20;2;5;Montero
200206;20;2;6;Pacaipampa
200207;20;2;7;Paimas
200208;20;2;8;Sapillica
200209;20;2;9;Sicchez
200210;20;2;10;Suyo
200300;20;3;0;Huancabamba
200301;20;3;1;Huancabamba
200302;20;3;2;Canchaque
200303;20;3;3;El Carmen De La Frontera
200304;20;3;4;Huarmaca
200305;20;3;5;Lalaquiz
200306;20;3;6;San Miguel De El Faique
200307;20;3;7;Sondor
200308;20;3;8;Sondorillo
200400;20;4;0;Morropon
200401;20;4;1;Chulucanas
200402;20;4;2;Buenos Aires
200403;20;4;3;Chalaco
200404;20;4;4;La Matanza
200405;20;4;5;Morropon
200406;20;4;6;Salitral
200407;20;4;7;San Juan De Bigote
200408;20;4;8;Santa Catalina De Mossa
200409;20;4;9;Santo Domingo
200410;20;4;10;Yamango
200500;20;5;0;Paita
200501;20;5;1;Paita
200502;20;5;2;Amotape
200503;20;5;3;Arenal
200504;20;5;4;Colan
200505;20;5;5;La Huaca
200506;20;5;6;Tamarindo
200507;20;5;7;Vichayal
200600;20;6;0;Sullana
200601;20;6;1;Sullana
200602;20;6;2;Bellavista
200603;20;6;3;Ignacio Escudero
200604;20;6;4;Lancones
200605;20;6;5;Marcavelica
200606;20;6;6;Miguel Checa
200607;20;6;7;Querecotillo
200608;20;6;8;Salitral
200700;20;7;0;Talara
200701;20;7;1;PariÃ±as
200702;20;7;2;El Alto
200703;20;7;3;La Brea
200704;20;7;4;Lobitos
200705;20;7;5;Los Organos
200706;20;7;6;Mancora
200800;20;8;0;Sechura
200801;20;8;1;Sechura
200802;20;8;2;Bellavista De La Union
200803;20;8;3;Bernal
200804;20;8;4;Cristo Nos Valga
200805;20;8;5;Vice
200806;20;8;6;Rinconada Llicuar
210000;21;0;0;Puno
210100;21;1;0;Puno
210101;21;1;1;Puno
210102;21;1;2;Acora
210103;21;1;3;Amantani
210104;21;1;4;Atuncolla
210105;21;1;5;Capachica
210106;21;1;6;Chucuito
210107;21;1;7;Coata
210108;21;1;8;Huata
210109;21;1;9;MaÃ±azo
210110;21;1;10;Paucarcolla
210111;21;1;11;Pichacani
210112;21;1;12;Plateria
210113;21;1;13;San Antonio
210114;21;1;14;Tiquillaca
210115;21;1;15;Vilque
210200;21;2;0;Azangaro
210201;21;2;1;Azangaro
210202;21;2;2;Achaya
210203;21;2;3;Arapa
210204;21;2;4;Asillo
210205;21;2;5;Caminaca
210206;21;2;6;Chupa
210207;21;2;7;Jose Domingo Choquehuanca
210208;21;2;8;MuÃ±ani
210209;21;2;9;Potoni
210210;21;2;10;Saman
210211;21;2;11;San Anton
210212;21;2;12;San Jose
210213;21;2;13;San Juan De Salinas
210214;21;2;14;Santiago De Pupuja
210215;21;2;15;Tirapata
210300;21;3;0;Carabaya
210301;21;3;1;Macusani
210302;21;3;2;Ajoyani
210303;21;3;3;Ayapata
210304;21;3;4;Coasa
210305;21;3;5;Corani
210306;21;3;6;Crucero
210307;21;3;7;Ituata
210308;21;3;8;Ollachea
210309;21;3;9;San Gaban
210310;21;3;10;Usicayos
210400;21;4;0;Chucuito
210401;21;4;1;Juli
210402;21;4;2;Desaguadero
210403;21;4;3;Huacullani
210404;21;4;4;Kelluyo
210405;21;4;5;Pisacoma
210406;21;4;6;Pomata
210407;21;4;7;Zepita
210500;21;5;0;El Collao
210501;21;5;1;Ilave
210502;21;5;2;Capazo
210503;21;5;3;Pilcuyo
210504;21;5;4;Santa Rosa
210505;21;5;5;Conduriri
210600;21;6;0;Huancane
210601;21;6;1;Huancane
210602;21;6;2;Cojata
210603;21;6;3;Huatasani
210604;21;6;4;Inchupalla
210605;21;6;5;Pusi
210606;21;6;6;Rosaspata
210607;21;6;7;Taraco
210608;21;6;8;Vilque Chico
210700;21;7;0;Lampa
210701;21;7;1;Lampa
210702;21;7;2;Cabanilla
210703;21;7;3;Calapuja
210704;21;7;4;Nicasio
210705;21;7;5;Ocuviri
210706;21;7;6;Palca
210707;21;7;7;Paratia
210708;21;7;8;Pucara
210709;21;7;9;Santa Lucia
210710;21;7;10;Vilavila
210800;21;8;0;Melgar
210801;21;8;1;Ayaviri
210802;21;8;2;Antauta
210803;21;8;3;Cupi
210804;21;8;4;Llalli
210805;21;8;5;Macari
210806;21;8;6;NuÃ±oa
210807;21;8;7;Orurillo
210808;21;8;8;Santa Rosa
210809;21;8;9;Umachiri
210900;21;9;0;Moho
210901;21;9;1;Moho
210902;21;9;2;Conima
210903;21;9;3;Huayrapata
210904;21;9;4;Tilali
211000;21;10;0;San Antonio De Putina
211001;21;10;1;Putina
211002;21;10;2;Ananea
211003;21;10;3;Pedro Vilca Apaza
211004;21;10;4;Quilcapuncu
211005;21;10;5;Sina
211100;21;11;0;San Roman
211101;21;11;1;Juliaca
211102;21;11;2;Cabana
211103;21;11;3;Cabanillas
211104;21;11;4;Caracoto
211200;21;12;0;Sandia
211201;21;12;1;Sandia
211202;21;12;2;Cuyocuyo
211203;21;12;3;Limbani
211204;21;12;4;Patambuco
211205;21;12;5;Phara
211206;21;12;6;Quiaca
211207;21;12;7;San Juan Del Oro
211208;21;12;8;Yanahuaya
211209;21;12;9;Alto Inambari
211210;21;12;10;San Pedro De Putina Punco
211300;21;13;0;Yunguyo
211301;21;13;1;Yunguyo
211302;21;13;2;Anapia
211303;21;13;3;Copani
211304;21;13;4;Cuturapi
211305;21;13;5;Ollaraya
211306;21;13;6;Tinicachi
211307;21;13;7;Unicachi
220000;22;0;0;San Martin
220100;22;1;0;Moyobamba
220101;22;1;1;Moyobamba
220102;22;1;2;Calzada
220103;22;1;3;Habana
220104;22;1;4;Jepelacio
220105;22;1;5;Soritor
220106;22;1;6;Yantalo
220200;22;2;0;Bellavista
220201;22;2;1;Bellavista
220202;22;2;2;Alto Biavo
220203;22;2;3;Bajo Biavo
220204;22;2;4;Huallaga
220205;22;2;5;San Pablo
220206;22;2;6;San Rafael
220300;22;3;0;El Dorado
220301;22;3;1;San Jose De Sisa
220302;22;3;2;Agua Blanca
220303;22;3;3;San Martin
220304;22;3;4;Santa Rosa
220305;22;3;5;Shatoja
220400;22;4;0;Huallaga
220401;22;4;1;Saposoa
220402;22;4;2;Alto Saposoa
220403;22;4;3;El Eslabon
220404;22;4;4;Piscoyacu
220405;22;4;5;Sacanche
220406;22;4;6;Tingo De Saposoa
220500;22;5;0;Lamas
220501;22;5;1;Lamas
220502;22;5;2;Alonso De Alvarado
220503;22;5;3;Barranquita
220504;22;5;4;Caynarachi
220505;22;5;5;CuÃ±umbuqui
220506;22;5;6;Pinto Recodo
220507;22;5;7;Rumisapa
220508;22;5;8;San Roque De Cumbaza
220509;22;5;9;Shanao
220510;22;5;10;Tabalosos
220511;22;5;11;Zapatero
220600;22;6;0;Mariscal Caceres
220601;22;6;1;Juanjui
220602;22;6;2;Campanilla
220603;22;6;3;Huicungo
220604;22;6;4;Pachiza
220605;22;6;5;Pajarillo
220700;22;7;0;Picota
220701;22;7;1;Picota
220702;22;7;2;Buenos Aires
220703;22;7;3;Caspisapa
220704;22;7;4;Pilluana
220705;22;7;5;Pucacaca
220706;22;7;6;San Cristobal
220707;22;7;7;San Hilarion
220708;22;7;8;Shamboyacu
220709;22;7;9;Tingo De Ponasa
220710;22;7;10;Tres Unidos
220800;22;8;0;Rioja
220801;22;8;1;Rioja
220802;22;8;2;Awajun
220803;22;8;3;Elias Soplin Vargas
220804;22;8;4;Nueva Cajamarca
220805;22;8;5;Pardo Miguel
220806;22;8;6;Posic
220807;22;8;7;San Fernando
220808;22;8;8;Yorongos
220809;22;8;9;Yuracyacu
220900;22;9;0;San Martin
220901;22;9;1;Tarapoto
220902;22;9;2;Alberto Leveau
220903;22;9;3;Cacatachi
220904;22;9;4;Chazuta
220905;22;9;5;Chipurana
220906;22;9;6;El Porvenir
220907;22;9;7;Huimbayoc
220908;22;9;8;Juan Guerra
220909;22;9;9;La Banda De Shilcayo
220910;22;9;10;Morales
220911;22;9;11;Papaplaya
220912;22;9;12;San Antonio
220913;22;9;13;Sauce
220914;22;9;14;Shapaja
221000;22;10;0;Tocache
221001;22;10;1;Tocache
221002;22;10;2;Nuevo Progreso
221003;22;10;3;Polvora
221004;22;10;4;Shunte
221005;22;10;5;Uchiza
230000;23;0;0;Tacna
230100;23;1;0;Tacna
230101;23;1;1;Tacna
230102;23;1;2;Alto De La Alianza
230103;23;1;3;Calana
230104;23;1;4;Ciudad Nueva
230105;23;1;5;Inclan
230106;23;1;6;Pachia
230108;23;1;8;Pocollay
230109;23;1;9;Sama
230110;23;1;10;Coronel Gregorio Albarracin Lanchipa
230200;23;2;0;Candarave
230201;23;2;1;Candarave
230202;23;2;2;Cairani
230203;23;2;3;Camilaca
230204;23;2;4;Curibaya
230205;23;2;5;Huanuara
230206;23;2;6;Quilahuani
230300;23;3;0;Jorge Basadre
230301;23;3;1;Locumba
230302;23;3;2;Ilabaya
230303;23;3;3;Ite
230400;23;4;0;Tarata
230401;23;4;1;Tarata
230402;23;4;2;Heroes Albarracin
230403;23;4;3;Estique
230404;23;4;4;Estique-Pampa
230405;23;4;5;Sitajara
230406;23;4;6;Susapaya
230407;23;4;7;Tarucachi
230408;23;4;8;Ticaco
240000;24;0;0;Tumbes
240100;24;1;0;Tumbes
240101;24;1;1;Tumbes
240102;24;1;2;Corrales
240103;24;1;3;La Cruz
240104;24;1;4;Pampas De Hospital
240105;24;1;5;San Jacinto
240106;24;1;6;San Juan De La Virgen
240200;24;2;0;Contralmirante Villar
240201;24;2;1;Zorritos
240202;24;2;2;Casitas
240203;24;2;3;Canoas De Punta Sal
240300;24;3;0;Zarumilla
240301;24;3;1;Zarumilla
240302;24;3;2;Aguas Verdes
240303;24;3;3;Matapalo
240304;24;3;4;Papayal
250000;25;0;0;Ucayali
250100;25;1;0;Coronel Portillo
250101;25;1;1;Calleria
250102;25;1;2;Campoverde
250103;25;1;3;Iparia
250104;25;1;4;Masisea
250105;25;1;5;Yarinacocha
250106;25;1;6;Nueva Requena
250200;25;2;0;Atalaya
250201;25;2;1;Raymondi
250202;25;2;2;Sepahua
250203;25;2;3;Tahuania
250204;25;2;4;Yurua
250300;25;3;0;Padre Abad
250301;25;3;1;Padre Abad
250302;25;3;2;Irazola
250303;25;3;3;Curimana
250400;25;4;0;Purus
250401;25;4;1;Purus
101;0;1;1;Extranjero
100;0;1;0;Extranjero
0;0;0;0;Extranjero
